TransactionID,CustomerID,Item
1,1074,Feather Shuttlecock
1,1074,Men Check Shirt
2,1010,Bamboo Spatula
3,1073,Pacifica Touring
4,1033,Lenovo Yoga 920
4,1033,Apple AirPods Max Silver
5,1010,Eyeshadow Palette with Mirror
5,1010,Red Nail Polish
6,1076,Samsung Galaxy Tab White
7,1050,Kawasaki Z800
7,1050,Black Whisk
7,1050,Longines Master Collection
8,1091,Realme C35
8,1091,Realme XT
8,1091,Samsung Galaxy S10
8,1091,Basketball Rim
8,1091,iPhone 5s
9,1052,Annibale Colombo Sofa
9,1052,Bedside Table African Cherry
9,1052,Mid-Century Modern Wooden Dining Table
10,1053,Baseball Ball
10,1053,Tray
11,1092,Blue Frock
11,1092,Baseball Glove
11,1092,Basketball
12,1068,Rolex Cellini Moonphase
12,1068,Classic Red Baseball Cap
12,1068,Citrus Squeezer Yellow
13,1077,Feather Shuttlecock
13,1077,Golden Shoes Woman
13,1077,Juice
14,1068,Water
15,1078,Knoll Saarinen Executive Conference Chair
15,1078,Wooden Bathroom Sink With Mirror
16,1015,Cat Food
16,1015,Protein Powder
16,1015,Nescafe Coffee
16,1015,Tartan Dress
17,1099,Protein Powder
17,1099,Gigabyte Aorus Men Tshirt
17,1099,Man Plaid Shirt
17,1099,Man Short Sleeve Shirt
17,1099,Men Check Shirt
18,1016,Black Sun Glasses
18,1016,Classic Sun Glasses
18,1016,Green and Black Glasses
19,1015,Tartan Dress
20,1013,Futuristic Silver and Gold High-Top Sneaker
20,1013,Sleek Futuristic Electric Bicycle
21,1033,Black Women's Gown
21,1033,Corset Leather With Skirt
21,1033,Corset With Black Skirt
21,1033,Dress Pea
22,1010,Mulberry
22,1010,Wooden Rolling Pin
22,1010,Classic Grey Hooded Sweatshirt
23,1092,Oppo A57
23,1092,iPad Mini 2021 Starlight
24,1026,Calvin Klein Heel Shoes
24,1026,Pampi Shoes
24,1026,Red Shoes
25,1043,Attitude Super Leaves Hand Soap
25,1043,Olay Ultra Moisture Shea Butter Body Wash
26,1062,Nescafe Coffee
27,1011,iPhone 5s
27,1011,Calvin Klein CK One
28,1095,Radiant Citrus Eau de Parfum
28,1095,Elegant Glass Tumbler Set
29,1025,iPhone 13 Pro
29,1025,Longines Master Collection
30,1086,iPhone 13 Pro
31,1050,Sleek Olive Green Hardshell Carry-On Luggage
31,1050,Juice
31,1050,Sleek Futuristic Electric Bicycle
31,1050,Sleek All-Terrain Go-Kart
32,1049,Blue Women's Handbag
32,1049,Heshe Women's Leather Bag
32,1049,Prada Women Bag
32,1049,White Faux Leather Backpack
33,1035,White Faux Leather Backpack
34,1095,Women's Wrist Watch
34,1095,Monopod
35,1055,Women Handbag Black
35,1055,Heshe Women's Leather Bag
36,1082,Citrus Squeezer Yellow
36,1082,300 Touring
37,1100,Iron Golf
37,1100,Man Short Sleeve Shirt
37,1100,Marni Red & Black Suit
38,1007,Sleek Olive Green Hardshell Carry-On Luggage
38,1007,Trendy Pink-Tinted Sunglasses
38,1007,Elegant Glass Tumbler Set
38,1007,Sleek Futuristic Electric Bicycle
39,1031,Pampi Shoes
39,1031,Carbon Steel Wok
39,1031,Selfie Stick Monopod
40,1043,Samsung Galaxy Tab White
40,1043,Women's Wrist Watch
41,1051,Blue Frock
41,1051,Girl Summer Dress
41,1051,Short Frock
41,1051,Tartan Dress
41,1051,Green Crystal Earring
42,1040,Classic Black T-Shirt
42,1040,Metal Baseball Bat
42,1040,Sleek Wireless Computer Mouse
43,1035,Generic Motorcycle
44,1029,Classic White Tee - Timeless Style and Comfort
44,1029,Majestic Mountain Graphic T-Shirt
44,1029,Pan
45,1047,Annibale Colombo Bed
46,1046,Baseball Ball
46,1046,Golden Shoes Woman
47,1026,Samsung Galaxy Tab S8 Plus Grey
48,1060,Golden Shoes Woman
49,1007,Protein Powder
49,1007,Marni Red & Black Suit
49,1007,Green Oval Earring
50,1096,Rolex Cellini Moonphase
50,1096,Rolex Submariner Watch
50,1096,Tennis Ball
51,1095,Charger SXT RWD
51,1095,title-2a140921-f960-4035-8f8f-e5e70787848d
51,1095,White Faux Leather Backpack
52,1028,Dior J'adore
52,1028,Gucci Bloom Eau de
52,1028,Fork
52,1028,Chanel Coco Noir Eau De
53,1086,Decoration Swing
53,1086,Samsung Galaxy S7
53,1086,Pacifica Touring
54,1085,Elegant Solid Wood Dining Table
54,1085,Rolex Submariner Watch
54,1085,Apple MagSafe Battery Pack
55,1019,Apple iPhone Charger
55,1019,Apple Watch Series 4 Gold
55,1019,Selfie Lamp with iPhone
55,1019,Apple HomePod Mini Cosmic Grey
56,1034,Milk
56,1034,Oppo A57
56,1034,Green Oval Earring
57,1096,Samsung Galaxy Tab S8 Plus Grey
57,1096,Samsung Galaxy Tab White
57,1096,iPad Mini 2021 Starlight
58,1030,Elegant Solid Wood Dining Table
59,1068,Girl Summer Dress
60,1024,Girl Summer Dress
60,1024,Gray Dress
60,1024,Tartan Dress
61,1075,Hand Blender
62,1017,Decoration Swing
62,1017,House Showpiece Plant
62,1017,Plant Pot
62,1017,Table Lamp
63,1093,Nike Baseball Cleats
63,1093,Girl Summer Dress
63,1093,Gray Dress
64,1056,Puma Future Rider Trainers
64,1056,Sports Sneakers Off White & Red
64,1056,Sports Sneakers Off White Red
64,1056,Egg Slicer
65,1013,Nescafe Coffee
65,1013,Dog Food
66,1034,Baseball Ball
66,1034,Classic Comfort Fit Joggers
67,1061,Elegant Golden-Base Stone Top Dining Table
67,1061,Man Short Sleeve Shirt
67,1061,Rolex Cellini Date Black Dial
68,1008,Huawei Matebook X Pro
68,1008,Lenovo Yoga 920
69,1007,Cricket Wicket
70,1060,Modern Ergonomic Office Chair
71,1015,Decoration Swing
71,1015,Plant Pot
71,1015,Table Lamp
72,1012,Apple
72,1012,Fish Steak
72,1012,Chicken Meat
72,1012,Ice Cream
73,1039,Black Sun Glasses
73,1039,Sunglasses
74,1004,Blue Frock
74,1004,Gray Dress
74,1004,Tartan Dress
75,1073,Classic White Crew Neck T-Shirt
75,1073,Vivo V9
76,1061,Charger SXT RWD
76,1061,Annibale Colombo Sofa
76,1061,Classic Olive Chino Shorts
77,1019,Sleek Modern Leather Sofa
77,1019,Bedside Table African Cherry
77,1019,Short Frock
78,1055,Watch Gold for Women
78,1055,IWC Ingenieur Automatic Steel
79,1030,Tartan Dress
80,1076,Black Women's Gown
80,1076,Oppo F19 Pro Plus
81,1023,Sleek Wireless Computer Mouse
82,1078,Samsung Galaxy Tab S8 Plus Grey
82,1078,Samsung Galaxy Tab White
82,1078,iPhone 12 Silicone Case with MagSafe Plum
82,1078,iPad Mini 2021 Starlight
83,1069,Rolex Cellini Moonphase
83,1069,Realme X
83,1069,Trendy Pink-Tinted Sunglasses
84,1055,Nike Air Jordan 1 Red And Black
85,1077,Cucumber
85,1077,Golden Shoes Woman
85,1077,Bedside Table African Cherry
86,1065,Vivo X21
86,1065,Selfie Stick Monopod
87,1021,Stylish Red & Silver Over-Ear Headphones
87,1021,Gray Dress
87,1021,Kiwi
88,1091,Majestic Mountain Graphic T-Shirt
89,1005,Sleek Modern Laptop for Professionals
90,1100,Wooden Bathroom Sink With Mirror
91,1030,iPhone 6
91,1030,IWC Ingenieur Automatic Steel
91,1030,Knoll Saarinen Executive Conference Chair
92,1089,Powder Canister
92,1089,Red Lipstick
92,1089,Red Nail Polish
93,1024,Watch Gold for Women
94,1028,Samsung Galaxy Tab S8 Plus Grey
94,1028,Samsung Galaxy Tab White
95,1082,Nike Baseball Cleats
95,1082,Red Onions
95,1082,Green Bell Pepper
96,1011,Blue Women's Handbag
96,1011,Prada Women Bag
97,1066,Black & Brown Slipper
98,1023,Slotted Turner
99,1081,Men Check Shirt
100,1063,Vibrant Runners: Bold Orange & Blue Sneakers
100,1063,Yellow Peeler
100,1063,Men Check Shirt
101,1049,iPhone 12 Silicone Case with MagSafe Plum
102,1032,Sleek Modern Laptop for Professionals
102,1032,Stylish Red & Silver Over-Ear Headphones
102,1032,Sleek Wireless Headphone & Inked Earbud Set
102,1032,Sleek Smartwatch with Vibrant Display
103,1088,Vaseline Men Body and Face Lotion
103,1088,Attitude Super Leaves Hand Soap
104,1012,Green Bell Pepper
104,1012,Ice Cream
105,1016,Huawei Matebook X Pro
106,1041,Decoration Swing
106,1041,Pan
107,1005,Durango SXT RWD
107,1005,Boxed Blender
108,1011,Nike Baseball Cleats
108,1011,Kawasaki Z800
109,1032,Rolex Cellini Moonphase
109,1032,Tennis Racket
109,1032,Brown Leather Belt Watch
109,1032,Longines Master Collection
110,1097,Blue Frock
110,1097,Blue & Black Check Shirt
110,1097,Short Frock
110,1097,Tartan Dress
111,1022,Rolex Submariner Watch
111,1022,Golf Ball
112,1003,Black Sun Glasses
112,1003,Trendy Pink-Tinted Sunglasses
113,1100,Futuristic Silver and Gold High-Top Sneaker
113,1100,Citrus Squeezer Yellow
114,1061,Red Lipstick
115,1059,Puma Future Rider Trainers
115,1059,Sports Sneakers Off White & Red
116,1015,Generic Motorcycle
116,1015,MotoGP CI.H1
116,1015,Sportbike Motorcycle
117,1095,Dress Pea
118,1051,Dolce Shine Eau de
118,1051,Gucci Bloom Eau de
118,1051,Calvin Klein CK One
119,1034,Sports Sneakers Off White & Red
119,1034,Elegant Purple Leather Loafers
120,1093,Cricket Wicket
120,1093,Tennis Ball
121,1022,Classic White Tee - Timeless Style and Comfort
121,1022,Classic Blue Baseball Cap
121,1022,Classic Red Baseball Cap
121,1022,Classic Black Hooded Sweatshirt
122,1027,Realme C35
123,1095,Vaseline Men Body and Face Lotion
123,1095,Attitude Super Leaves Hand Soap
123,1095,Olay Ultra Moisture Shea Butter Body Wash
124,1024,300 Touring
124,1024,Dodge Hornet GT Plus
124,1024,Durango SXT RWD
124,1024,Pacifica Touring
124,1024,Apple MagSafe Battery Pack
125,1024,iPhone 6
126,1090,Rolex Cellini Moonphase
126,1090,Rolex Datejust
126,1090,Rolex Submariner Watch
126,1090,Asus Zenbook Pro Dual Screen Laptop
126,1090,Rolex Cellini Date Black Dial
127,1043,Hand Blender
128,1019,Red Lipstick
128,1019,Cricket Ball
129,1024,Watch Gold for Women
129,1024,Women's Wrist Watch
129,1024,IWC Ingenieur Automatic Steel
129,1024,Rolex Datejust Women
130,1001,Party Glasses
130,1001,Vibrant Runners: Bold Orange & Blue Sneakers
131,1081,Black Aluminium Cup
131,1081,Family Tree Photo Frame
131,1081,House Showpiece Plant
131,1081,Plant Pot
132,1001,Women Handbag Black
132,1001,Heshe Women's Leather Bag
132,1001,Prada Women Bag
133,1061,Classic Comfort Drawstring Joggers
134,1059,Olay Ultra Moisture Shea Butter Body Wash
135,1057,Plant Pot
136,1018,Milk
136,1018,Apple Airpods
136,1018,Samsung Galaxy Tab S8 Plus Grey
137,1088,Decoration Swing
137,1088,House Showpiece Plant
137,1088,Plant Pot
137,1088,Table Lamp
137,1088,Elegant Golden-Base Stone Top Dining Table
138,1039,Gray Dress
138,1039,Oppo F19 Pro Plus
139,1092,Dior J'adore
139,1092,Dolce Shine Eau de
139,1092,Calvin Klein CK One
139,1092,Chanel Coco Noir Eau De
140,1056,Dolce Shine Eau de
141,1041,Tropical Earring
141,1041,Green Crystal Earring
141,1041,Green Oval Earring
142,1082,Dior J'adore
142,1082,Gucci Bloom Eau de
142,1082,Calvin Klein CK One
143,1088,Dior J'adore
143,1088,Rolex Datejust
143,1088,Yellow Peeler
144,1096,Sleek Modern Laptop with Ambient Lighting
144,1096,Sleek Comfort-Fit Over-Ear Headphones
145,1019,Lunch Box
145,1019,White Faux Leather Backpack
146,1057,Apple Watch Series 4 Gold
146,1057,Amazon Echo Plus
147,1016,Vibrant Runners: Bold Orange & Blue Sneakers
147,1016,Gigabyte Aorus Men Tshirt
147,1016,Man Plaid Shirt
147,1016,Man Short Sleeve Shirt
147,1016,Men Check Shirt
148,1076,Generic Motorcycle
148,1076,Kawasaki Z800
148,1076,MotoGP CI.H1
148,1076,Scooter Motorcycle
149,1098,Lenovo Yoga 920
149,1098,New DELL XPS 13 9300 Laptop
149,1098,Apple MacBook Pro 14 Inch Space Grey
149,1098,Asus Zenbook Pro Dual Screen Laptop
150,1005,Beats Flex Wireless Earphones
150,1005,Sleek Smartwatch with Vibrant Display
151,1090,Golf Ball
151,1090,Baseball Ball
151,1090,Basketball
151,1090,Cricket Bat
152,1001,Chicken Meat
153,1075,Apple Watch Series 4 Gold
153,1075,Samsung Galaxy S7
154,1056,Majestic Mountain Graphic T-Shirt
154,1056,Feather Shuttlecock
154,1056,Silver Pot With Glass Cap
155,1064,Huawei Matebook X Pro
155,1064,Tissue Paper Box
156,1041,Trendy Pink-Tinted Sunglasses
156,1041,Elegant Glass Tumbler Set
156,1041,Sleek Futuristic Electric Bicycle
156,1041,Sleek All-Terrain Go-Kart
157,1079,Futuristic Holographic Soccer Cleats
157,1079,Classic Blue Suede Casual Shoes
157,1079,Vibrant Runners: Bold Orange & Blue Sneakers
158,1058,Volleyball
158,1058,Black & Brown Slipper
158,1058,Golf Ball
159,1034,Radiant Citrus Eau de Parfum
159,1034,Sleek Olive Green Hardshell Carry-On Luggage
159,1034,Trendy Pink-Tinted Sunglasses
159,1034,Elegant Glass Tumbler Set
160,1045,Rolex Cellini Moonphase
160,1045,Trendy Pink-Tinted Sunglasses
160,1045,Sleek Futuristic Electric Bicycle
161,1040,Futuristic Holographic Soccer Cleats
161,1040,Vibrant Runners: Bold Orange & Blue Sneakers
161,1040,Vibrant Pink Classic Sneakers
161,1040,Futuristic Silver and Gold High-Top Sneaker
161,1040,Radiant Citrus Eau de Parfum
162,1062,Attitude Super Leaves Hand Soap
163,1060,Black & Brown Slipper
163,1060,Calvin Klein Heel Shoes
163,1060,Red Shoes
163,1060,Apple MagSafe Battery Pack
164,1041,Sports Sneakers Off White & Red
165,1082,Nike Baseball Cleats
165,1082,Puma Future Rider Trainers
165,1082,Sports Sneakers Off White Red
166,1089,Glass
166,1089,Trendy Pink-Tinted Sunglasses
167,1017,Black & Brown Slipper
167,1017,Cricket Bat
168,1063,Realme XT
168,1063,Prada Women Bag
168,1063,Apple HomePod Mini Cosmic Grey
169,1020,Chanel Coco Noir Eau De
170,1074,Watch Gold for Women
170,1074,IWC Ingenieur Automatic Steel
170,1074,Rolex Datejust Women
171,1016,Lenovo Yoga 920
171,1016,New DELL XPS 13 9300 Laptop
172,1061,Plant Pot
173,1027,Dog Food
174,1007,House Showpiece Plant
175,1069,Blue Frock
175,1069,Girl Summer Dress
175,1069,Hand Blender
175,1069,Tartan Dress
176,1083,Nike Baseball Cleats
177,1009,Gucci Bloom Eau de
177,1009,Decoration Swing
177,1009,Ice Cube Tray
178,1069,Tropical Earring
178,1069,Green Crystal Earring
178,1069,Green Oval Earring
179,1060,Electric Stove
179,1060,Watch Gold for Women
180,1013,Women's Wrist Watch
180,1013,IWC Ingenieur Automatic Steel
181,1075,Samsung Galaxy Tab S8 Plus Grey
181,1075,Beef Steak
181,1075,Prada Women Bag
182,1004,Blue Frock
182,1004,Girl Summer Dress
182,1004,Gray Dress
182,1004,Short Frock
183,1078,Tropical Earring
183,1078,Vivo X21
183,1078,Green Oval Earring
184,1066,Heshe Women's Leather Bag
184,1066,Cricket Ball
185,1065,Dodge Hornet GT Plus
186,1052,Amazon Echo Plus
186,1052,Mug Tree Stand
187,1098,Amazon Echo Plus
187,1098,Classic Red Pullover Hoodie
187,1098,Green Oval Earring
188,1035,Milk
188,1035,Futuristic Holographic Soccer Cleats
188,1035,Rainbow Glitter High Heels
188,1035,Chic Summer Denim Espadrille Sandals
188,1035,Elegant Patent Leather Peep-Toe Pumps with Gold-Tone Heel
189,1060,Apple iPhone Charger
190,1024,Green and Black Glasses
191,1059,Bamboo Spatula
191,1059,Elegant Purple Leather Loafers
191,1059,Green Oval Earring
192,1041,Classic White Tee - Timeless Style and Comfort
192,1041,Classic Heather Gray Hoodie
192,1041,Classic Grey Hooded Sweatshirt
193,1082,Baseball Ball
193,1082,Sportbike Motorcycle
194,1007,Rolex Cellini Moonphase
194,1007,Iron Golf
194,1007,Tartan Dress
195,1014,Vaseline Men Body and Face Lotion
195,1014,Scooter Motorcycle
195,1014,Chopping Board
196,1019,Black Whisk
197,1075,MotoGP CI.H1
197,1075,Dog Food
198,1025,Rolex Datejust
198,1025,Gigabyte Aorus Men Tshirt
198,1025,Rice
199,1034,Black Whisk
200,1094,Tropical Earring
200,1094,Green Crystal Earring
200,1094,Green Oval Earring
201,1076,Red Tongs
201,1076,Classic High-Waisted Athletic Shorts
201,1076,Bamboo Spatula
201,1076,Chopping Board
201,1076,Egg Slicer
202,1081,iPhone 12 Silicone Case with MagSafe Plum
203,1085,Sunglasses
203,1085,Cricket Ball
204,1084,Milk
205,1045,Charger SXT RWD
205,1045,Dodge Hornet GT Plus
205,1045,Pacifica Touring
205,1045,300 Touring
206,1031,Futuristic Silver and Gold High-Top Sneaker
206,1031,Amazon Echo Plus
206,1031,Elegant Purple Leather Loafers
207,1095,Calvin Klein Heel Shoes
207,1095,Golden Shoes Woman
207,1095,Pampi Shoes
207,1095,Red Shoes
208,1019,Kawasaki Z800
208,1019,MotoGP CI.H1
208,1019,Sportbike Motorcycle
209,1021,Watch Gold for Women
209,1021,Women's Wrist Watch
209,1021,IWC Ingenieur Automatic Steel
210,1032,Dior J'adore
210,1032,Dolce Shine Eau de
210,1032,Gucci Bloom Eau de
210,1032,Chanel Coco Noir Eau De
211,1065,Kawasaki Z800
211,1065,Scooter Motorcycle
211,1065,Sportbike Motorcycle
212,1055,Fish Steak
212,1055,Milk
213,1010,Corset Leather With Skirt
214,1067,Vaseline Men Body and Face Lotion
214,1067,Lenovo Yoga 920
215,1002,Gucci Bloom Eau de
216,1024,Blue Frock
216,1024,Girl Summer Dress
216,1024,Short Frock
217,1084,Gucci Bloom Eau de
217,1084,House Showpiece Plant
218,1055,Dodge Hornet GT Plus
218,1055,Durango SXT RWD
218,1055,Classic Navy Blue Baseball Cap
218,1055,300 Touring
219,1019,Samsung Galaxy Tab S8 Plus Grey
219,1019,IWC Ingenieur Automatic Steel
220,1076,Fork
221,1014,Kawasaki Z800
221,1014,Scooter Motorcycle
221,1014,Cricket Bat
222,1009,Blue Frock
223,1012,Tennis Racket
224,1090,Samsung Galaxy S8
225,1057,Kawasaki Z800
225,1057,MotoGP CI.H1
225,1057,Ice Cube Tray
226,1058,Vivo X21
226,1058,iPhone 12 Silicone Case with MagSafe Plum
226,1058,Apple AirPods Max Silver
227,1074,Black Sun Glasses
227,1074,Classic Sun Glasses
227,1074,Green and Black Glasses
227,1074,Nescafe Coffee
228,1042,Blue Frock
228,1042,Gray Dress
229,1078,Realme X
229,1078,Apple MagSafe Battery Pack
230,1010,Kiwi
231,1052,Dodge Hornet GT Plus
231,1052,Durango SXT RWD
231,1052,300 Touring
232,1003,Black Aluminium Cup
232,1003,Blue & Black Check Shirt
232,1003,Gigabyte Aorus Men Tshirt
232,1003,Man Plaid Shirt
232,1003,Men Check Shirt
233,1079,Lenovo Yoga 920
233,1079,New DELL XPS 13 9300 Laptop
234,1080,Tray
234,1080,Wooden Rolling Pin
234,1080,Chopping Board
234,1080,Red Tongs
235,1042,Girl Summer Dress
235,1042,Monopod
236,1026,Huawei Matebook X Pro
236,1026,Lenovo Yoga 920
236,1026,New DELL XPS 13 9300 Laptop
237,1021,Heshe Women's Leather Bag
237,1021,Calvin Klein CK One
237,1021,Chanel Coco Noir Eau De
238,1089,Samsung Galaxy Tab S8 Plus Grey
238,1089,Samsung Galaxy Tab White
238,1089,Electric Stove
238,1089,iPad Mini 2021 Starlight
239,1035,Realme C35
239,1035,Black Whisk
239,1035,Prada Women Bag
240,1014,Golden Shoes Woman
241,1097,Charger SXT RWD
241,1097,Pacifica Touring
241,1097,Knoll Saarinen Executive Conference Chair
241,1097,300 Touring
242,1012,Women's Wrist Watch
242,1012,Attitude Super Leaves Hand Soap
243,1063,Stylish Red & Silver Over-Ear Headphones
243,1063,Lemon
243,1063,Sleek Wireless Computer Mouse
244,1043,Generic Motorcycle
244,1043,Kawasaki Z800
244,1043,MotoGP CI.H1
245,1073,White Faux Leather Backpack
246,1088,Chicken Meat
246,1088,Vibrant Runners: Bold Orange & Blue Sneakers
247,1018,Man Short Sleeve Shirt
248,1084,Puma Future Rider Trainers
248,1084,Sports Sneakers Off White & Red
248,1084,Metal Baseball Bat
249,1041,New DELL XPS 13 9300 Laptop
250,1093,MotoGP CI.H1
251,1011,Corset Leather With Skirt
252,1045,Classic Black Baseball Cap
253,1026,Golden Shoes Woman
253,1026,Lemon
254,1075,Nike Baseball Cleats
254,1075,Puma Future Rider Trainers
254,1075,Sports Sneakers Off White & Red
254,1075,Sports Sneakers Off White Red
255,1037,Plant Pot
256,1034,Essence Mascara Lash Princess
256,1034,Powder Canister
256,1034,Dog Food
257,1093,Lunch Box
257,1093,iPhone 5s
257,1093,iPhone 13 Pro
257,1093,Samsung Galaxy S7
258,1003,Apple Airpower Wireless Charger
258,1003,Vibrant Runners: Bold Orange & Blue Sneakers
259,1013,Classic Sun Glasses
259,1013,Soft Drinks
260,1067,Cricket Helmet
260,1067,Man Plaid Shirt
260,1067,Watch Gold for Women
261,1088,Rolex Submariner Watch
261,1088,Brown Leather Belt Watch
261,1088,Longines Master Collection
261,1088,Rolex Cellini Date Black Dial
262,1047,Vaseline Men Body and Face Lotion
262,1047,Apple Watch Series 4 Gold
262,1047,Olay Ultra Moisture Shea Butter Body Wash
263,1097,Women Handbag Black
263,1097,Blue Women's Handbag
263,1097,Prada Women Bag
263,1097,White Faux Leather Backpack
264,1060,Blue & Black Check Shirt
264,1060,Boxed Blender
264,1060,Rice
265,1053,Women's Wrist Watch
265,1053,Chicken Meat
266,1073,Green Chili Pepper
266,1073,Red Tongs
267,1007,Apple MagSafe Battery Pack
267,1007,Monopod
268,1050,Decoration Swing
268,1050,Family Tree Photo Frame
268,1050,House Showpiece Plant
268,1050,Table Lamp
269,1047,Stylish Red & Silver Over-Ear Headphones
270,1075,Calvin Klein Heel Shoes
270,1075,Red Shoes
271,1074,Heshe Women's Leather Bag
271,1074,Prada Women Bag
271,1074,White Faux Leather Backpack
272,1082,Apple MagSafe Battery Pack
272,1082,Classic Blue Baseball Cap
272,1082,Monopod
272,1082,Apple Airpower Wireless Charger
273,1044,Sleek Smartwatch with Vibrant Display
273,1044,Sleek White & Orange Wireless Gaming Controller
273,1044,Sleek Wireless Headphone & Inked Earbud Set
273,1044,Efficient 2-Slice Toaster
274,1061,Sleek Olive Green Hardshell Carry-On Luggage
274,1061,Mid-Century Modern Wooden Dining Table
275,1097,Dodge Hornet GT Plus
275,1097,Sportbike Motorcycle
276,1015,Honey Jar
276,1015,Classic Grey Hooded Sweatshirt
277,1001,Classic High-Waisted Athletic Shorts
278,1097,Apple MagSafe Battery Pack
278,1097,Apple Watch Series 4 Gold
278,1097,Apple Airpower Wireless Charger
279,1021,Gucci Bloom Eau de
280,1014,Heshe Women's Leather Bag
281,1098,Bamboo Spatula
281,1098,Baseball Glove
282,1100,Slotted Turner
283,1009,Man Short Sleeve Shirt
283,1009,Egg Slicer
284,1040,Sleek Olive Green Hardshell Carry-On Luggage
284,1040,Elegant Glass Tumbler Set
285,1015,Samsung Galaxy Tab S8 Plus Grey
285,1015,Samsung Galaxy Tab White
285,1015,iPad Mini 2021 Starlight
286,1066,Chopping Board
286,1066,Chic Summer Denim Espadrille Sandals
286,1066,Soft Drinks
287,1070,Women's Wrist Watch
287,1070,IWC Ingenieur Automatic Steel
288,1009,Black & Brown Slipper
288,1009,Pampi Shoes
288,1009,Red Shoes
289,1098,Sleek Modern Laptop with Ambient Lighting
289,1098,Sleek Modern Laptop for Professionals
290,1014,Beef Steak
290,1014,Nescafe Coffee
290,1014,Chicken Meat
290,1014,Red Onions
291,1098,Milk
291,1098,Apple HomePod Mini Cosmic Grey
292,1013,Watch Gold for Women
292,1013,Women's Wrist Watch
292,1013,IWC Ingenieur Automatic Steel
293,1008,iPhone 5s
293,1008,Realme X
293,1008,iPhone 13 Pro
293,1008,Samsung Galaxy S10
294,1041,Attitude Super Leaves Hand Soap
295,1022,Blue Frock
295,1022,Girl Summer Dress
295,1022,Gray Dress
295,1022,Tartan Dress
296,1087,Generic Motorcycle
296,1087,Sportbike Motorcycle
297,1059,Strawberry
297,1059,Beef Steak
297,1059,Chicken Meat
297,1059,Protein Powder
298,1051,Vivo X21
298,1051,Man Short Sleeve Shirt
299,1097,Boxed Blender
299,1097,Protein Powder
300,1087,Mulberry
300,1087,Black Sun Glasses
300,1087,Party Glasses
301,1019,Samsung Galaxy S7
301,1019,Samsung Galaxy S10
301,1019,Vivo S1
302,1026,Nescafe Coffee
302,1026,Juice
302,1026,Dog Food
303,1025,Fork
303,1025,Chopping Board
303,1025,Citrus Squeezer Yellow
303,1025,Samsung Galaxy S10
304,1091,Watch Gold for Women
304,1091,Women's Wrist Watch
304,1091,Cricket Helmet
304,1091,IWC Ingenieur Automatic Steel
304,1091,Rolex Datejust Women
305,1094,Gray Dress
305,1094,Short Frock
306,1076,Party Glasses
307,1051,Nike Air Jordan 1 Red And Black
307,1051,Nike Baseball Cleats
307,1051,Sports Sneakers Off White & Red
308,1042,Eyeshadow Palette with Mirror
308,1042,Powder Canister
308,1042,Red Lipstick
308,1042,Red Nail Polish
309,1004,Party Glasses
310,1032,Cucumber
311,1062,Slotted Turner
311,1062,Black Women's Gown
311,1062,Corset Leather With Skirt
312,1054,Classic Sun Glasses
313,1073,Classic Black Baseball Cap
314,1045,Black Women's Gown
314,1045,Corset Leather With Skirt
314,1045,Water
315,1075,Heshe Women's Leather Bag
316,1050,Rolex Cellini Moonphase
316,1050,Brown Leather Belt Watch
316,1050,Longines Master Collection
316,1050,Rolex Cellini Date Black Dial
317,1047,Huawei Matebook X Pro
317,1047,Lenovo Yoga 920
317,1047,New DELL XPS 13 9300 Laptop
317,1047,Apple MacBook Pro 14 Inch Space Grey
318,1089,Calvin Klein CK One
318,1089,Chanel Coco Noir Eau De
318,1089,Dolce Shine Eau de
318,1089,Gucci Bloom Eau de
318,1089,Green Oval Earring
319,1028,Women Handbag Black
319,1028,Blue Women's Handbag
319,1028,Heshe Women's Leather Bag
319,1028,White Faux Leather Backpack
320,1064,Sleek Olive Green Hardshell Carry-On Luggage
320,1064,Trendy Pink-Tinted Sunglasses
321,1073,Classic Red Pullover Hoodie
322,1021,Decoration Swing
322,1021,Family Tree Photo Frame
322,1021,House Showpiece Plant
322,1021,Table Lamp
323,1005,Red Tongs
323,1005,Black & Brown Slipper
323,1005,Calvin Klein Heel Shoes
323,1005,Golden Shoes Woman
323,1005,Red Shoes
324,1023,Classic Comfort Drawstring Joggers
324,1023,Fork
324,1023,Man Plaid Shirt
325,1040,Mid-Century Modern Wooden Dining Table
325,1040,Modern Minimalist Workstation Setup
325,1040,Sleek Modern Leather Sofa
325,1040,Knoll Saarinen Executive Conference Chair
326,1059,Cricket Wicket
326,1059,Iron Golf
327,1046,Nike Air Jordan 1 Red And Black
327,1046,Puma Future Rider Trainers
327,1046,Sports Sneakers Off White & Red
327,1046,Sports Sneakers Off White Red
328,1041,iPhone X
328,1041,Oppo A57
328,1041,Vivo S1
328,1041,Vivo V9
329,1071,Blue Frock
329,1071,Short Frock
329,1071,Tartan Dress
330,1015,Tropical Earring
330,1015,Green Crystal Earring
330,1015,Green Oval Earring
331,1014,Classic Navy Blue Baseball Cap
331,1014,Oppo F19 Pro Plus
332,1043,Classic Sun Glasses
332,1043,Classic Comfort Fit Joggers
333,1085,Beef Steak
334,1042,Golf Ball
335,1089,Sleek White & Orange Wireless Gaming Controller
335,1089,Sleek Comfort-Fit Over-Ear Headphones
335,1089,Sleek Wireless Computer Mouse
336,1021,Essence Mascara Lash Princess
336,1021,Eyeshadow Palette with Mirror
336,1021,Red Lipstick
336,1021,Red Nail Polish
337,1022,Red Nail Polish
337,1022,Oppo A57
337,1022,Vivo S1
338,1040,Cricket Helmet
338,1040,Apple MagSafe Battery Pack
338,1040,Microwave Oven
339,1021,Apple
339,1021,Corset With Black Skirt
339,1021,Sleek Wireless Computer Mouse
340,1085,Green Bell Pepper
341,1059,Tartan Dress
341,1059,Sleek All-Terrain Go-Kart
342,1011,Decoration Swing
342,1011,Plant Pot
342,1011,Table Lamp
343,1003,Black Whisk
343,1003,Annibale Colombo Sofa
344,1002,Rainbow Glitter High Heels
344,1002,Beats Flex Wireless Earphones
344,1002,Sleek Modern Leather Sofa
345,1084,Futuristic Chic High-Heel Boots
345,1084,Classic Olive Chino Shorts
346,1087,Tissue Paper Box
346,1087,Sleek All-Terrain Go-Kart
347,1047,Puma Future Rider Trainers
347,1047,Selfie Lamp with iPhone
348,1081,Citrus Squeezer Yellow
348,1081,Ice Cube Tray
349,1019,Sportbike Motorcycle
349,1019,Classic Olive Chino Shorts
349,1019,Chic Summer Denim Espadrille Sandals
350,1067,Rolex Cellini Moonphase
350,1067,Classic Red Baseball Cap
351,1047,Attitude Super Leaves Hand Soap
351,1047,Rolex Cellini Date Black Dial
352,1088,Nescafe Coffee
352,1088,Soft Drinks
352,1088,Classic Red Baseball Cap
352,1088,Cooking Oil
352,1088,Green Chili Pepper
353,1025,iPhone 5s
353,1025,Samsung Galaxy S8
353,1025,Vivo V9
354,1059,Vaseline Men Body and Face Lotion
354,1059,Attitude Super Leaves Hand Soap
355,1035,Basketball
355,1035,Apple MacBook Pro 14 Inch Space Grey
355,1035,Asus Zenbook Pro Dual Screen Laptop
356,1027,Classic White Crew Neck T-Shirt
356,1027,Family Tree Photo Frame
357,1071,Slotted Turner
357,1071,Selfie Stick Monopod
358,1076,Realme C35
358,1076,Apple AirPods Max Silver
359,1075,Samsung Galaxy Tab White
359,1075,iPad Mini 2021 Starlight
360,1045,Huawei Matebook X Pro
360,1045,Lenovo Yoga 920
360,1045,New DELL XPS 13 9300 Laptop
360,1045,Apple MacBook Pro 14 Inch Space Grey
361,1099,Apple Watch Series 4 Gold
361,1099,Sports Sneakers Off White & Red
361,1099,Classic Grey Hooded Sweatshirt
362,1001,Kiwi
363,1068,Eyeshadow Palette with Mirror
363,1068,Elegant Golden-Base Stone Top Dining Table
364,1013,Women Handbag Black
364,1013,Heshe Women's Leather Bag
364,1013,Prada Women Bag
364,1013,White Faux Leather Backpack
365,1084,Durango SXT RWD
365,1084,Baseball Glove
365,1084,Citrus Squeezer Yellow
366,1062,Gray Dress
366,1062,Short Frock
367,1086,Watch Gold for Women
367,1086,Women's Wrist Watch
367,1086,Classic Black Hooded Sweatshirt
367,1086,IWC Ingenieur Automatic Steel
368,1027,Lenovo Yoga 920
368,1027,New DELL XPS 13 9300 Laptop
368,1027,Apple MacBook Pro 14 Inch Space Grey
369,1041,Lemon
370,1034,Black Women's Gown
370,1034,Red Shoes
371,1034,Cricket Bat
372,1075,Protein Powder
372,1075,Samsung Galaxy S10
373,1008,Samsung Galaxy Tab S8 Plus Grey
373,1008,Samsung Galaxy Tab White
373,1008,iPad Mini 2021 Starlight
374,1001,Tropical Earring
374,1001,Green Crystal Earring
374,1001,Green Oval Earring
375,1034,Sports Sneakers Off White & Red
375,1034,Sports Sneakers Off White Red
376,1023,Basketball Rim
377,1081,Vibrant Pink Classic Sneakers
377,1081,Chic Summer Denim Espadrille Sandals
378,1062,Black & Brown Slipper
378,1062,Calvin Klein Heel Shoes
378,1062,Red Shoes
379,1098,Red Onions
380,1059,Sleek Modern Laptop with Ambient Lighting
381,1069,iPad Mini 2021 Starlight
382,1006,Classic Red Baseball Cap
382,1006,Cricket Bat
383,1099,Lunch Box
383,1099,Chopping Board
384,1079,Classic White Crew Neck T-Shirt
384,1079,Table Lamp
385,1078,Dior J'adore
385,1078,Dolce Shine Eau de
385,1078,Essence Mascara Lash Princess
385,1078,Chanel Coco Noir Eau De
386,1023,Black Women's Gown
386,1023,Corset Leather With Skirt
386,1023,Corset With Black Skirt
386,1023,Dress Pea
386,1023,iPad Mini 2021 Starlight
387,1032,Black & Brown Slipper
387,1032,Pampi Shoes
387,1032,Red Nail Polish
388,1037,Decoration Swing
389,1080,Calvin Klein Heel Shoes
389,1080,Green Crystal Earring
389,1080,Green Oval Earring
390,1023,Samsung Galaxy S10
391,1051,Grater Black
392,1069,Vivo V9
393,1084,Baseball Glove
393,1084,Cricket Bat
394,1045,Vibrant Pink Classic Sneakers
394,1045,Girl Summer Dress
394,1045,Protein Powder
395,1063,Pan
395,1063,Rolex Cellini Date Black Dial
396,1026,Classic Grey Hooded Sweatshirt
397,1097,Women's Wrist Watch
398,1052,Black Aluminium Cup
398,1052,Samsung Galaxy S10
398,1052,Rolex Datejust Women
399,1017,Decoration Swing
399,1017,Family Tree Photo Frame
400,1025,Golden Shoes Woman
401,1013,Pacifica Touring
402,1051,Black Women's Gown
402,1051,Corset Leather With Skirt
402,1051,Corset With Black Skirt
402,1051,Marni Red & Black Suit
402,1051,Sleek Modern Leather Sofa
403,1087,Rolex Submariner Watch
404,1096,Black Sun Glasses
404,1096,Classic Sun Glasses
404,1096,Party Glasses
404,1096,Mid-Century Modern Wooden Dining Table
405,1061,Black Women's Gown
405,1061,Corset With Black Skirt
405,1061,Dress Pea
405,1061,Marni Red & Black Suit
406,1047,Tissue Paper Box
406,1047,Nescafe Coffee
406,1047,Chicken Meat
407,1083,Baseball Ball
407,1083,New DELL XPS 13 9300 Laptop
408,1026,Cucumber
408,1026,Samsung Galaxy S10
408,1026,Red Shoes
409,1062,Rolex Datejust
409,1062,Black Whisk
410,1007,Tennis Ball
410,1007,Sunglasses
410,1007,Chanel Coco Noir Eau De
411,1075,Stylish Red & Silver Over-Ear Headphones
411,1075,Family Tree Photo Frame
411,1075,IWC Ingenieur Automatic Steel
412,1077,Eyeshadow Palette with Mirror
412,1077,Longines Master Collection
413,1049,Green Bell Pepper
413,1049,Black Sun Glasses
413,1049,Red Lipstick
414,1002,Radiant Citrus Eau de Parfum
414,1002,Dog Food
414,1002,Silver Pot With Glass Cap
415,1067,Tray
415,1067,Man Short Sleeve Shirt
416,1084,Elegant Solid Wood Dining Table
417,1092,Feather Shuttlecock
417,1092,Basketball
417,1092,Metal Baseball Bat
417,1092,Cricket Bat
418,1049,Fish Steak
418,1049,Black Aluminium Cup
418,1049,Classic Black Hooded Sweatshirt
419,1044,Modern Elegance Teal Armchair
419,1044,Sleek White & Orange Wireless Gaming Controller
419,1044,Pampi Shoes
420,1090,American Football
420,1090,Family Tree Photo Frame
420,1090,Cricket Wicket
420,1090,Metal Baseball Bat
420,1090,Tennis Racket
421,1001,Sleek White & Orange Wireless Gaming Controller
421,1001,Sleek Smartwatch with Vibrant Display
422,1095,Black Women's Gown
422,1095,Corset With Black Skirt
423,1075,Women's Wrist Watch
423,1075,Rolex Datejust Women
424,1022,Plate
425,1049,Bamboo Spatula
425,1049,Blue & Black Check Shirt
425,1049,Yellow Peeler
425,1049,Egg Slicer
426,1058,Sleek Olive Green Hardshell Carry-On Luggage
426,1058,Chic Transparent Fashion Handbag
427,1060,Watch Gold for Women
427,1060,Women's Wrist Watch
427,1060,IWC Ingenieur Automatic Steel
427,1060,Rolex Datejust Women
428,1027,Blue Women's Handbag
428,1027,Heshe Women's Leather Bag
428,1027,Prada Women Bag
428,1027,Women Handbag Black
428,1027,Grater Black
429,1055,Watch Gold for Women
429,1055,Women's Wrist Watch
430,1007,Girl Summer Dress
430,1007,Short Frock
431,1087,Beef Steak
431,1087,Eyeshadow Palette with Mirror
432,1024,Annibale Colombo Bed
432,1024,Puma Future Rider Trainers
432,1024,Sports Sneakers Off White & Red
432,1024,Sports Sneakers Off White Red
433,1062,Tropical Earring
433,1062,Green Crystal Earring
433,1062,Green Oval Earring
434,1098,Classic Red Baseball Cap
434,1098,Sunglasses
435,1038,New DELL XPS 13 9300 Laptop
435,1038,Apple MacBook Pro 14 Inch Space Grey
436,1011,Girl Summer Dress
436,1011,Short Frock
437,1076,Vaseline Men Body and Face Lotion
437,1076,Attitude Super Leaves Hand Soap
437,1076,Olay Ultra Moisture Shea Butter Body Wash
438,1064,Huawei Matebook X Pro
438,1064,Apple MacBook Pro 14 Inch Space Grey
438,1064,Asus Zenbook Pro Dual Screen Laptop
439,1001,Apple
439,1001,Sports Sneakers Off White & Red
439,1001,Silver Pot With Glass Cap
440,1022,Classic White Crew Neck T-Shirt
440,1022,Classic Blue Baseball Cap
440,1022,Classic Black Hooded Sweatshirt
440,1022,Classic Olive Chino Shorts
441,1031,Vivo V9
442,1038,Classic Red Jogger Sweatpants
442,1038,Rolex Submariner Watch
443,1083,Huawei Matebook X Pro
443,1083,Lenovo Yoga 920
443,1083,Apple MacBook Pro 14 Inch Space Grey
443,1083,Asus Zenbook Pro Dual Screen Laptop
444,1039,Apple Airpods
444,1039,Calvin Klein CK One
444,1039,Selfie Stick Monopod
445,1067,Huawei Matebook X Pro
445,1067,Eyeshadow Palette with Mirror
446,1092,Sleek White & Orange Wireless Gaming Controller
446,1092,Man Plaid Shirt
446,1092,Sleek Comfort-Fit Over-Ear Headphones
447,1044,Blue Women's Handbag
448,1079,Watch Gold for Women
448,1079,Women's Wrist Watch
448,1079,IWC Ingenieur Automatic Steel
449,1097,Spoon
449,1097,Boxed Blender
449,1097,Plate
450,1059,Tropical Earring
450,1059,Dodge Hornet GT Plus
451,1025,Lenovo Yoga 920
452,1054,Apple MagSafe Battery Pack
452,1054,Black & Brown Slipper
452,1054,iPhone 12 Silicone Case with MagSafe Plum
453,1062,Mug Tree Stand
453,1062,Green Oval Earring
454,1022,Stylish Red & Silver Over-Ear Headphones
454,1022,Juice
454,1022,Sleek Comfort-Fit Over-Ear Headphones
455,1046,Elegant Patent Leather Peep-Toe Pumps with Gold-Tone Heel
455,1046,Pampi Shoes
456,1004,Sleek Modern Laptop with Ambient Lighting
456,1004,Cat Food
457,1047,Dolce Shine Eau de
457,1047,Fork
457,1047,Calvin Klein CK One
457,1047,Chanel Coco Noir Eau De
458,1005,Vivo X21
458,1005,Eyeshadow Palette with Mirror
458,1005,Plate
459,1070,iPhone 5s
459,1070,Realme XT
459,1070,Samsung Galaxy S10
460,1024,Classic Olive Chino Shorts
461,1043,Family Tree Photo Frame
462,1049,Blue Frock
462,1049,Girl Summer Dress
462,1049,Gray Dress
462,1049,Short Frock
462,1049,New DELL XPS 13 9300 Laptop
463,1077,Radiant Citrus Eau de Parfum
463,1077,Sleek Olive Green Hardshell Carry-On Luggage
463,1077,Trendy Pink-Tinted Sunglasses
464,1016,Apple
464,1016,Plant Pot
465,1035,Attitude Super Leaves Hand Soap
466,1008,Blue & Black Check Shirt
467,1072,Watch Gold for Women
467,1072,Women's Wrist Watch
468,1055,Gucci Bloom Eau de
468,1055,Calvin Klein CK One
469,1038,Vivo X21
469,1038,Chopping Board
469,1038,Selfie Stick Monopod
470,1018,Sleek Smartwatch with Vibrant Display
470,1018,title-2a140921-f960-4035-8f8f-e5e70787848d
471,1002,Sleek Wireless Headphone & Inked Earbud Set
471,1002,Apple AirPods Max Silver
472,1020,Rolex Cellini Moonphase
472,1020,Chic Transparent Fashion Handbag
473,1084,Black Women's Gown
474,1018,Women Handbag Black
475,1079,Nike Air Jordan 1 Red And Black
475,1079,Sports Sneakers Off White & Red
475,1079,Sports Sneakers Off White Red
476,1053,Basketball Rim
476,1053,Cricket Ball
477,1012,Nike Air Jordan 1 Red And Black
477,1012,Sports Sneakers Off White & Red
477,1012,Sports Sneakers Off White Red
478,1099,Realme C35
478,1099,Vivo S1
478,1099,Oppo K1
479,1067,Classic Black T-Shirt
479,1067,Classic Grey Hooded Sweatshirt
479,1067,Olay Ultra Moisture Shea Butter Body Wash
480,1002,Black Women's Gown
480,1002,Corset Leather With Skirt
480,1002,Dress Pea
480,1002,Marni Red & Black Suit
481,1020,Essence Mascara Lash Princess
481,1020,Powder Canister
481,1020,Red Nail Polish
482,1053,Man Short Sleeve Shirt
483,1069,Black Women's Gown
483,1069,Corset Leather With Skirt
483,1069,Dress Pea
483,1069,Marni Red & Black Suit
483,1069,Volleyball
484,1095,Juice
484,1095,Sleek Wireless Computer Mouse
485,1099,Apple Airpower Wireless Charger
486,1038,Boxed Blender
486,1038,Red Tongs
486,1038,Soft Drinks
487,1023,Short Frock
488,1029,Apple HomePod Mini Cosmic Grey
488,1029,Apple MagSafe Battery Pack
488,1029,Apple Watch Series 4 Gold
488,1029,TV Studio Camera Pedestal
488,1029,New DELL XPS 13 9300 Laptop
489,1051,Nike Air Jordan 1 Red And Black
489,1051,Puma Future Rider Trainers
489,1051,Sports Sneakers Off White Red
490,1090,Rolex Cellini Moonphase
490,1090,Rolex Datejust
490,1090,Rolex Submariner Watch
490,1090,Longines Master Collection
491,1034,Women Handbag Black
492,1038,Girl Summer Dress
492,1038,Gray Dress
492,1038,Short Frock
492,1038,Tartan Dress
493,1032,Spoon
493,1032,Classic Blue Suede Casual Shoes
493,1032,Mid-Century Modern Wooden Dining Table
494,1100,Sleek All-Terrain Go-Kart
495,1039,Mulberry
495,1039,Juice
496,1096,Puma Future Rider Trainers
496,1096,Sleek Futuristic Electric Bicycle
497,1085,Yellow Peeler
497,1085,Knoll Saarinen Executive Conference Chair
497,1085,Table Lamp
498,1045,Women Handbag Black
498,1045,Blue Women's Handbag
498,1045,Prada Women Bag
499,1034,Electric Stove
499,1034,Spice Rack
500,1041,Blue Frock
500,1041,Girl Summer Dress
500,1041,Gray Dress
500,1041,Tartan Dress
500,1041,Radiant Citrus Eau de Parfum
501,1021,Decoration Swing
501,1021,Family Tree Photo Frame
501,1021,Plant Pot
501,1021,Table Lamp
501,1021,Green and Black Glasses
502,1009,Durango SXT RWD
502,1009,Dog Food
503,1015,Slotted Turner
504,1077,Essence Mascara Lash Princess
504,1077,Eyeshadow Palette with Mirror
504,1077,Red Nail Polish
504,1077,Oppo K1
505,1056,Dior J'adore
505,1056,Gucci Bloom Eau de
505,1056,Chanel Coco Noir Eau De
506,1097,Samsung Galaxy S10
507,1096,Classic High-Waisted Athletic Shorts
507,1096,Rolex Datejust Women
508,1100,Generic Motorcycle
508,1100,Kawasaki Z800
508,1100,MotoGP CI.H1
508,1100,Sportbike Motorcycle
508,1100,Vaseline Men Body and Face Lotion
509,1084,Party Glasses
510,1031,Pan
510,1031,Green Oval Earring
511,1010,American Football
511,1010,Golf Ball
511,1010,Metal Baseball Bat
512,1069,Tissue Paper Box
512,1069,Realme XT
512,1069,Man Plaid Shirt
513,1042,Samsung Galaxy S8
514,1027,Chicken Meat
514,1027,Water
514,1027,Honey Jar
515,1052,Selfie Lamp with iPhone
515,1052,Tray
515,1052,Ice Cube Tray
516,1080,Elegant Patent Leather Peep-Toe Pumps with Gold-Tone Heel
516,1080,Elegant Purple Leather Loafers
516,1080,Futuristic Holographic Soccer Cleats
517,1003,Vibrant Runners: Bold Orange & Blue Sneakers
517,1003,Futuristic Silver and Gold High-Top Sneaker
517,1003,Elegant Purple Leather Loafers
517,1003,Classic Blue Suede Casual Shoes
517,1003,Party Glasses
518,1031,Mulberry
518,1031,Water
518,1031,Classic Black Hooded Sweatshirt
519,1089,Volleyball
519,1089,Sleek Wireless Headphone & Inked Earbud Set
519,1089,Sleek Wireless Computer Mouse
520,1021,Rolex Submariner Watch
520,1021,Brown Leather Belt Watch
520,1021,Longines Master Collection
521,1049,Watch Gold for Women
521,1049,MotoGP CI.H1
521,1049,TV Studio Camera Pedestal
522,1038,Volleyball
522,1038,Metal Baseball Bat
523,1060,Samsung Galaxy S8
524,1019,Red Onions
525,1041,Nike Baseball Cleats
525,1041,Sports Sneakers Off White Red
526,1090,Generic Motorcycle
526,1090,MotoGP CI.H1
526,1090,Scooter Motorcycle
526,1090,Sportbike Motorcycle
527,1082,Sleek Olive Green Hardshell Carry-On Luggage
527,1082,Trendy Pink-Tinted Sunglasses
528,1061,Vaseline Men Body and Face Lotion
528,1061,Olay Ultra Moisture Shea Butter Body Wash
529,1096,Black Sun Glasses
529,1096,Party Glasses
529,1096,Sunglasses
530,1071,Realme C35
530,1071,Classic Black Baseball Cap
530,1071,Short Frock
531,1071,Blue Frock
531,1071,Oppo F19 Pro Plus
532,1093,Sleek Smartwatch with Vibrant Display
532,1093,Efficient 2-Slice Toaster
532,1093,Sleek Wireless Computer Mouse
533,1087,Man Plaid Shirt
534,1058,Samsung Galaxy Tab S8 Plus Grey
534,1058,Samsung Galaxy Tab White
534,1058,iPad Mini 2021 Starlight
535,1018,Plant Pot
536,1038,Classic White Tee - Timeless Style and Comfort
536,1038,Brown Leather Belt Watch
537,1086,Essence Mascara Lash Princess
537,1086,Oppo A57
537,1086,Ice Cube Tray
538,1044,Blue & Black Check Shirt
538,1044,Gigabyte Aorus Men Tshirt
538,1044,Man Short Sleeve Shirt
538,1044,Men Check Shirt
539,1010,Durango SXT RWD
539,1010,Pacifica Touring
539,1010,300 Touring
540,1077,Rolex Cellini Moonphase
540,1077,Golden Shoes Woman
540,1077,Pampi Shoes
541,1021,Tissue Paper Box
542,1084,Rolex Submariner Watch
542,1084,Efficient 2-Slice Toaster
543,1082,Classic Comfort Drawstring Joggers
544,1050,Nike Air Jordan 1 Red And Black
544,1050,Nike Baseball Cleats
545,1012,Lunch Box
545,1012,Apple Watch Series 4 Gold
545,1012,Boxed Blender
545,1012,Silver Pot With Glass Cap
546,1076,Classic White Tee - Timeless Style and Comfort
546,1076,Mug Tree Stand
546,1076,Apple Airpower Wireless Charger
547,1043,Green Bell Pepper
548,1068,Attitude Super Leaves Hand Soap
548,1068,Knoll Saarinen Executive Conference Chair
548,1068,Table Lamp
549,1086,Rainbow Glitter High Heels
550,1007,Dolce Shine Eau de
550,1007,Gucci Bloom Eau de
550,1007,Calvin Klein CK One
551,1081,House Showpiece Plant
552,1008,Hand Blender
553,1020,Fork
553,1020,Gigabyte Aorus Men Tshirt
554,1082,Generic Motorcycle
554,1082,MotoGP CI.H1
554,1082,Scooter Motorcycle
554,1082,Sportbike Motorcycle
555,1012,Samsung Galaxy Tab S8 Plus Grey
555,1012,Samsung Galaxy Tab White
555,1012,iPad Mini 2021 Starlight
556,1017,Vaseline Men Body and Face Lotion
556,1017,Attitude Super Leaves Hand Soap
557,1075,Cooking Oil
557,1075,Tartan Dress
558,1077,Futuristic Holographic Soccer Cleats
558,1077,Elegant Purple Leather Loafers
558,1077,Rainbow Glitter High Heels
559,1030,Chic Transparent Fashion Handbag
560,1022,Kawasaki Z800
560,1022,Sunglasses
561,1005,Electric Stove
561,1005,Modern Ergonomic Office Chair
561,1005,Samsung Galaxy Tab S8 Plus Grey
562,1015,Elegant Solid Wood Dining Table
562,1015,Annibale Colombo Bed
563,1052,Rolex Cellini Date Black Dial
564,1078,Durango SXT RWD
564,1078,Red Lipstick
565,1095,Essence Mascara Lash Princess
565,1095,Powder Canister
565,1095,Red Lipstick
565,1095,Red Nail Polish
566,1047,Girl Summer Dress
566,1047,Gray Dress
566,1047,Short Frock
567,1079,Short Frock
567,1079,Calvin Klein CK One
568,1077,Honey Jar
569,1033,Knoll Saarinen Executive Conference Chair
570,1010,Watch Gold for Women
570,1010,Women's Wrist Watch
571,1009,Man Plaid Shirt
571,1009,Tennis Ball
572,1013,Dress Pea
573,1004,Microwave Oven
573,1004,Black Women's Gown
573,1004,Corset Leather With Skirt
573,1004,Dress Pea
573,1004,Marni Red & Black Suit
574,1001,Samsung Galaxy Tab S8 Plus Grey
574,1001,Samsung Galaxy Tab White
575,1028,Watch Gold for Women
575,1028,Rolex Datejust Women
576,1097,Sleek Modern Leather Sofa
576,1097,Lunch Box
576,1097,Chopping Board
577,1028,Tartan Dress
578,1100,Black Women's Gown
578,1100,Corset Leather With Skirt
578,1100,Dress Pea
579,1009,Green Oval Earring
580,1064,Carbon Steel Wok
581,1031,Charger SXT RWD
581,1031,Durango SXT RWD
581,1031,Pacifica Touring
581,1031,300 Touring
582,1015,Radiant Citrus Eau de Parfum
582,1015,Basketball
583,1057,Tropical Earring
583,1057,Classic High-Waisted Athletic Shorts
584,1043,Sunglasses
585,1044,Family Tree Photo Frame
585,1044,House Showpiece Plant
585,1044,Plant Pot
586,1025,Annibale Colombo Sofa
587,1051,Sleek Futuristic Electric Bicycle
587,1051,Radiant Citrus Eau de Parfum
587,1051,Sleek Olive Green Hardshell Carry-On Luggage
587,1051,Elegant Glass Tumbler Set
587,1051,Sleek Modern Leather Sofa
588,1053,Sleek Modern Laptop for Professionals
588,1053,Sleek White & Orange Wireless Gaming Controller
588,1053,Sleek Smartwatch with Vibrant Display
588,1053,Sleek Wireless Computer Mouse
589,1002,Radiant Citrus Eau de Parfum
589,1002,Elegant Glass Tumbler Set
589,1002,Marni Red & Black Suit
590,1010,Blue Frock
590,1010,Cooking Oil
591,1099,Lenovo Yoga 920
591,1099,New DELL XPS 13 9300 Laptop
591,1099,Apple MacBook Pro 14 Inch Space Grey
591,1099,Asus Zenbook Pro Dual Screen Laptop
592,1086,Classic Comfort Drawstring Joggers
592,1086,Classic Red Pullover Hoodie
592,1086,Classic Heather Gray Hoodie
592,1086,Calvin Klein CK One
593,1047,Majestic Mountain Graphic T-Shirt
594,1081,Beats Flex Wireless Earphones
594,1081,Monopod
594,1081,Selfie Stick Monopod
594,1081,TV Studio Camera Pedestal
594,1081,Glass
595,1084,Elegant Golden-Base Stone Top Dining Table
596,1015,American Football
597,1096,Tropical Earring
598,1071,Mid-Century Modern Wooden Dining Table
598,1071,Elegant Golden-Base Stone Top Dining Table
599,1069,Fine Mesh Strainer
600,1042,Asus Zenbook Pro Dual Screen Laptop
601,1057,Samsung Galaxy Tab S8 Plus Grey
601,1057,Samsung Galaxy Tab White
601,1057,iPad Mini 2021 Starlight
602,1008,Cricket Bat
602,1008,Asus Zenbook Pro Dual Screen Laptop
603,1055,Cricket Helmet
604,1055,Plant Pot
604,1055,Table Lamp
605,1018,Blue Frock
606,1089,Red Tongs
606,1089,Mug Tree Stand
606,1089,Carbon Steel Wok
606,1089,Citrus Squeezer Yellow
607,1036,Sleek Modern Laptop for Professionals
608,1093,Rolex Cellini Moonphase
608,1093,Rolex Datejust
608,1093,Rolex Submariner Watch
608,1093,Sleek Comfort-Fit Over-Ear Headphones
608,1093,Rolex Cellini Date Black Dial
609,1095,Essence Mascara Lash Princess
609,1095,Eyeshadow Palette with Mirror
609,1095,Powder Canister
609,1095,Red Lipstick
610,1066,Sleek Modern Laptop for Professionals
611,1034,Rolex Datejust
611,1034,Rolex Submariner Watch
611,1034,Brown Leather Belt Watch
611,1034,Rolex Cellini Date Black Dial
612,1098,Essence Mascara Lash Princess
612,1098,Eyeshadow Palette with Mirror
612,1098,Red Lipstick
613,1074,Chicken Meat
613,1074,Potatoes
613,1074,Juice
613,1074,Soft Drinks
614,1064,Essence Mascara Lash Princess
614,1064,Eyeshadow Palette with Mirror
614,1064,Red Lipstick
614,1064,Red Nail Polish
615,1070,Black Whisk
615,1070,Monopod
616,1064,Decoration Swing
616,1064,House Showpiece Plant
616,1064,Plant Pot
616,1064,Table Lamp
617,1007,Black Women's Gown
618,1037,Mug Tree Stand
618,1037,Microwave Oven
618,1037,Tray
618,1037,Wooden Rolling Pin
619,1071,Radiant Citrus Eau de Parfum
619,1071,Green Chili Pepper
619,1071,Elegant Patent Leather Peep-Toe Pumps with Gold-Tone Heel
620,1045,Samsung Galaxy Tab S8 Plus Grey
620,1045,Durango SXT RWD
621,1016,House Showpiece Plant
621,1016,Plant Pot
621,1016,Table Lamp
622,1084,Vivo X21
622,1084,Essence Mascara Lash Princess
622,1084,Classic White Tee - Timeless Style and Comfort
623,1097,Radiant Citrus Eau de Parfum
623,1097,Sleek Olive Green Hardshell Carry-On Luggage
624,1027,Classic Red Jogger Sweatpants
624,1027,Powder Canister
625,1059,Fish Steak
625,1059,Grater Black
625,1059,Realme C35
626,1019,Grater Black
627,1099,Black Sun Glasses
627,1099,Classic Sun Glasses
627,1099,Green and Black Glasses
627,1099,Sunglasses
628,1014,Cricket Wicket
628,1014,Golf Ball
628,1014,Tennis Ball
629,1009,Sleek Olive Green Hardshell Carry-On Luggage
629,1009,Trendy Pink-Tinted Sunglasses
630,1087,Realme X
630,1087,Samsung Galaxy S8
631,1058,Nike Air Jordan 1 Red And Black
631,1058,Sports Sneakers Off White & Red
632,1042,Charger SXT RWD
632,1042,Dodge Hornet GT Plus
632,1042,Durango SXT RWD
632,1042,Pacifica Touring
633,1042,Baseball Glove
633,1042,Basketball Rim
633,1042,Rolex Datejust Women
634,1004,Selfie Lamp with iPhone
635,1010,Strawberry
635,1010,Calvin Klein Heel Shoes
636,1056,Scooter Motorcycle
636,1056,Sportbike Motorcycle
637,1092,Golf Ball
638,1073,Watch Gold for Women
638,1073,Women's Wrist Watch
638,1073,Lemon
638,1073,Rolex Datejust Women
639,1010,Annibale Colombo Bed
639,1010,iPhone 13 Pro
639,1010,Prada Women Bag
640,1054,Vivo X21
640,1054,Realme X
640,1054,iPhone 13 Pro
640,1054,Oppo F19 Pro Plus
641,1027,Tropical Earring
642,1085,Modern Elegance Teal Armchair
642,1085,Annibale Colombo Bed
642,1085,Modern Ergonomic Office Chair
642,1085,Wooden Bathroom Sink With Mirror
643,1055,Apple MagSafe Battery Pack
643,1055,Beats Flex Wireless Earphones
644,1083,Silver Pot With Glass Cap
644,1083,Nike Air Jordan 1 Red And Black
644,1083,Puma Future Rider Trainers
644,1083,Sports Sneakers Off White & Red
644,1083,Sports Sneakers Off White Red
645,1046,Futuristic Chic High-Heel Boots
646,1071,Generic Motorcycle
646,1071,MotoGP CI.H1
646,1071,Scooter Motorcycle
646,1071,Ice Cube Tray
647,1070,Cucumber
647,1070,Green Crystal Earring
648,1100,Girl Summer Dress
648,1100,Football
648,1100,Samsung Galaxy S10
649,1023,Women's Wrist Watch
649,1023,Realme X
650,1089,Classic Sun Glasses
650,1089,Dress Pea
650,1089,Classic Olive Chino Shorts
651,1098,Modern Minimalist Workstation Setup
651,1098,Elegant Patent Leather Peep-Toe Pumps with Gold-Tone Heel
651,1098,Golf Ball
652,1004,Strawberry
652,1004,American Football
652,1004,Cooking Oil
652,1004,Fish Steak
652,1004,Ice Cream
653,1081,300 Touring
654,1061,Generic Motorcycle
654,1061,MotoGP CI.H1
654,1061,Scooter Motorcycle
654,1061,Sportbike Motorcycle
655,1063,Black Women's Gown
655,1063,Sleek Modern Leather Sofa
655,1063,Dolce Shine Eau de
656,1086,Cricket Bat
657,1039,Fish Steak
657,1039,Water
657,1039,iPhone 13 Pro
658,1089,Annibale Colombo Bed
659,1047,Futuristic Holographic Soccer Cleats
660,1058,Apple MagSafe Battery Pack
661,1014,iPhone 5s
661,1014,Chic Transparent Fashion Handbag
661,1014,Boxed Blender
662,1100,Fish Steak
662,1100,Green Bell Pepper
662,1100,Nescafe Coffee
662,1100,Kiwi
663,1052,Samsung Galaxy Tab White
664,1029,Sportbike Motorcycle
665,1080,Calvin Klein Heel Shoes
665,1080,Red Shoes
666,1015,Red Shoes
667,1016,Protein Powder
667,1016,Soft Drinks
668,1026,Sleek White & Orange Wireless Gaming Controller
668,1026,Rolex Cellini Date Black Dial
668,1026,Sleek Wireless Computer Mouse
669,1011,Sleek Modern Laptop for Professionals
670,1076,Huawei Matebook X Pro
670,1076,New DELL XPS 13 9300 Laptop
670,1076,Apple MacBook Pro 14 Inch Space Grey
670,1076,Asus Zenbook Pro Dual Screen Laptop
671,1020,Calvin Klein Heel Shoes
671,1020,Golden Shoes Woman
672,1030,Bamboo Spatula
672,1030,Rice
673,1018,Essence Mascara Lash Princess
673,1018,Eyeshadow Palette with Mirror
673,1018,Powder Canister
673,1018,Red Nail Polish
674,1071,Green Bell Pepper
674,1071,Water
674,1071,Cat Food
674,1071,Lemon
675,1028,Charger SXT RWD
675,1028,Durango SXT RWD
675,1028,300 Touring
676,1095,Futuristic Holographic Soccer Cleats
676,1095,Rainbow Glitter High Heels
676,1095,Vibrant Runners: Bold Orange & Blue Sneakers
676,1095,Vibrant Pink Classic Sneakers
676,1095,Man Short Sleeve Shirt
677,1091,Gigabyte Aorus Men Tshirt
677,1091,Men Check Shirt
678,1081,Eyeshadow Palette with Mirror
678,1081,Powder Canister
678,1081,Red Lipstick
679,1099,Dior J'adore
679,1099,Gucci Bloom Eau de
679,1099,Calvin Klein CK One
679,1099,Chanel Coco Noir Eau De
680,1010,Tropical Earring
680,1010,Green Crystal Earring
680,1010,Green Oval Earring
681,1003,Vivo X21
681,1003,Modern Minimalist Workstation Setup
681,1003,Classic Heather Gray Hoodie
682,1052,Attitude Super Leaves Hand Soap
682,1052,Olay Ultra Moisture Shea Butter Body Wash
683,1009,title-2a140921-f960-4035-8f8f-e5e70787848d
684,1029,Kawasaki Z800
684,1029,Classic Red Pullover Hoodie
684,1029,Black Sun Glasses
685,1003,Apple MagSafe Battery Pack
685,1003,Beats Flex Wireless Earphones
685,1003,Green Crystal Earring
686,1053,Women Handbag Black
686,1053,Blue Women's Handbag
686,1053,Heshe Women's Leather Bag
686,1053,Men Check Shirt
687,1055,Tropical Earring
687,1055,Green Crystal Earring
687,1055,Green Oval Earring
688,1002,Rolex Cellini Moonphase
688,1002,Classic Red Jogger Sweatpants
688,1002,Brown Leather Belt Watch
689,1079,Samsung Galaxy Tab White
690,1038,Vivo X21
690,1038,Baseball Ball
690,1038,Calvin Klein CK One
691,1086,Tropical Earring
691,1086,Short Frock
692,1076,Apple MagSafe Battery Pack
692,1076,Amazon Echo Plus
692,1076,Apple Airpower Wireless Charger
692,1076,Selfie Stick Monopod
693,1041,Classic Navy Blue Baseball Cap
693,1041,Classic Heather Gray Hoodie
693,1041,Cucumber
694,1093,Oppo F19 Pro Plus
695,1033,Radiant Citrus Eau de Parfum
695,1033,Sleek All-Terrain Go-Kart
696,1009,Annibale Colombo Bed
696,1009,Annibale Colombo Sofa
696,1009,Bedside Table African Cherry
696,1009,Cricket Helmet
696,1009,Elegant Golden-Base Stone Top Dining Table
697,1052,Samsung Galaxy Tab White
697,1052,Plate
698,1022,Puma Future Rider Trainers
698,1022,Sports Sneakers Off White & Red
698,1022,Sports Sneakers Off White Red
698,1022,Rolex Datejust Women
699,1045,Cricket Helmet
699,1045,Baseball Glove
699,1045,Golf Ball
700,1071,Men Check Shirt
701,1089,Majestic Mountain Graphic T-Shirt
701,1089,Decoration Swing
702,1049,Oppo F19 Pro Plus
703,1028,Baseball Glove
704,1017,Cucumber
705,1042,Mid-Century Modern Wooden Dining Table
706,1013,Fork
706,1013,House Showpiece Plant
706,1013,Eggs
707,1047,Futuristic Silver and Gold High-Top Sneaker
707,1047,Futuristic Chic High-Heel Boots
707,1047,Elegant Purple Leather Loafers
707,1047,Classic Blue Suede Casual Shoes
707,1047,Electric Stove
708,1085,Apple MagSafe Battery Pack
708,1085,Man Short Sleeve Shirt
708,1085,Men Check Shirt
709,1048,Iron Golf
710,1030,Gigabyte Aorus Men Tshirt
710,1030,Man Plaid Shirt
711,1057,Cat Food
711,1057,Iron Golf
711,1057,Cricket Ball
712,1052,Blue Women's Handbag
712,1052,Heshe Women's Leather Bag
712,1052,White Faux Leather Backpack
712,1052,Women Handbag Black
712,1052,title-2a140921-f960-4035-8f8f-e5e70787848d
713,1047,title-2a140921-f960-4035-8f8f-e5e70787848d
714,1082,Dior J'adore
714,1082,Dolce Shine Eau de
714,1082,Gucci Bloom Eau de
714,1082,Calvin Klein CK One
715,1010,Gigabyte Aorus Men Tshirt
715,1010,Samsung Galaxy S10
715,1010,Man Short Sleeve Shirt
715,1010,Men Check Shirt
716,1079,Apple HomePod Mini Cosmic Grey
717,1058,Elegant Glass Tumbler Set
718,1067,Tissue Paper Box
718,1067,Cucumber
719,1099,Vaseline Men Body and Face Lotion
719,1099,Attitude Super Leaves Hand Soap
719,1099,Olay Ultra Moisture Shea Butter Body Wash
720,1086,Dolce Shine Eau de
720,1086,Sports Sneakers Off White & Red
721,1049,Realme XT
721,1049,Baseball Glove
722,1007,Sleek Wireless Computer Mouse
723,1071,Spoon
724,1032,Tropical Earring
725,1086,Classic Heather Gray Hoodie
725,1086,Red Tongs
726,1002,Golf Ball
726,1002,Sunglasses
727,1011,Modern Elegance Teal Armchair
727,1011,Modern Minimalist Workstation Setup
727,1011,Sleek Modern Leather Sofa
728,1083,Family Tree Photo Frame
729,1030,Powder Canister
729,1030,Red Lipstick
729,1030,Red Nail Polish
730,1039,Green Crystal Earring
731,1044,Rolex Submariner Watch
731,1044,Brown Leather Belt Watch
731,1044,Rolex Cellini Date Black Dial
732,1026,Pacifica Touring
732,1026,300 Touring
733,1068,Calvin Klein Heel Shoes
733,1068,Rolex Datejust Women
734,1081,Samsung Galaxy Tab S8 Plus Grey
735,1012,Samsung Galaxy Tab White
735,1012,Apple Airpods
736,1016,Annibale Colombo Bed
736,1016,Bedside Table African Cherry
736,1016,Knoll Saarinen Executive Conference Chair
737,1056,Corset Leather With Skirt
737,1056,Marni Red & Black Suit
738,1088,Apple HomePod Mini Cosmic Grey
739,1088,Marni Red & Black Suit
740,1011,Futuristic Chic High-Heel Boots
740,1011,Fork
741,1014,Classic Blue Baseball Cap
741,1014,Classic Red Baseball Cap
741,1014,Classic Grey Hooded Sweatshirt
741,1014,Prada Women Bag
742,1081,Essence Mascara Lash Princess
742,1081,Red Nail Polish
743,1019,Classic Grey Hooded Sweatshirt
743,1019,Tennis Ball
744,1053,Decoration Swing
744,1053,Family Tree Photo Frame
744,1053,House Showpiece Plant
744,1053,Plant Pot
745,1006,Decoration Swing
745,1006,House Showpiece Plant
745,1006,Plant Pot
745,1006,Kitchen Sieve
746,1048,Blue Women's Handbag
746,1048,Man Short Sleeve Shirt
747,1080,Classic Grey Hooded Sweatshirt
748,1048,Classic Olive Chino Shorts
748,1048,Apple
748,1048,Cooking Oil
748,1048,Cucumber
748,1048,Honey Jar
749,1094,Apple HomePod Mini Cosmic Grey
750,1099,Samsung Galaxy S7
751,1008,Gigabyte Aorus Men Tshirt
751,1008,House Showpiece Plant
752,1090,Green Bell Pepper
752,1090,Lemon
753,1070,Samsung Galaxy Tab S8 Plus Grey
753,1070,Samsung Galaxy Tab White
753,1070,iPad Mini 2021 Starlight
754,1081,Black & Brown Slipper
754,1081,Amazon Echo Plus
755,1023,Men Check Shirt
756,1059,Annibale Colombo Bed
757,1035,Essence Mascara Lash Princess
757,1035,Eyeshadow Palette with Mirror
757,1035,Powder Canister
757,1035,Red Nail Polish
758,1018,Bedside Table African Cherry
758,1018,Mid-Century Modern Wooden Dining Table
759,1098,New DELL XPS 13 9300 Laptop
760,1085,Vivo X21
760,1085,Calvin Klein CK One
761,1095,Fish Steak
761,1095,Apple Airpods
762,1022,Monopod
762,1022,Attitude Super Leaves Hand Soap
762,1022,Olay Ultra Moisture Shea Butter Body Wash
763,1007,Dior J'adore
763,1007,Apple MacBook Pro 14 Inch Space Grey
763,1007,Mid-Century Modern Wooden Dining Table
764,1037,Blue & Black Check Shirt
764,1037,Man Plaid Shirt
764,1037,Man Short Sleeve Shirt
764,1037,Men Check Shirt
765,1050,Elegant Solid Wood Dining Table
766,1051,Apple HomePod Mini Cosmic Grey
766,1051,Apple MagSafe Battery Pack
766,1051,Beats Flex Wireless Earphones
766,1051,Classic Black Baseball Cap
766,1051,Selfie Stick Monopod
767,1092,Ice Cream
767,1092,Short Frock
767,1092,Soft Drinks
768,1092,Classic White Crew Neck T-Shirt
768,1092,Classic High-Waisted Athletic Shorts
769,1061,Water
769,1061,Asus Zenbook Pro Dual Screen Laptop
769,1061,Huawei Matebook X Pro
769,1061,Lenovo Yoga 920
769,1061,New DELL XPS 13 9300 Laptop
770,1032,Water
770,1032,Gigabyte Aorus Men Tshirt
770,1032,Men Check Shirt
771,1021,Classic Sun Glasses
771,1021,Futuristic Holographic Soccer Cleats
771,1021,300 Touring
772,1060,Corset Leather With Skirt
772,1060,Corset With Black Skirt
773,1085,Essence Mascara Lash Princess
773,1085,Powder Canister
773,1085,Red Nail Polish
774,1019,iPhone X
775,1072,Blue Women's Handbag
775,1072,Heshe Women's Leather Bag
775,1072,Knoll Saarinen Executive Conference Chair
775,1072,Prada Women Bag
775,1072,White Faux Leather Backpack
776,1003,Gucci Bloom Eau de
776,1003,Classic Grey Hooded Sweatshirt
777,1034,Cricket Wicket
777,1034,Trendy Pink-Tinted Sunglasses
778,1045,Rolex Submariner Watch
778,1045,Classic Comfort Drawstring Joggers
778,1045,Brown Leather Belt Watch
778,1045,Longines Master Collection
778,1045,Rolex Cellini Date Black Dial
779,1015,iPhone 13 Pro
779,1015,Oppo K1
779,1015,Vivo V9
780,1022,Tennis Racket
780,1022,Volleyball
780,1022,Baseball Ball
780,1022,American Football
781,1072,Fish Steak
781,1072,Lenovo Yoga 920
781,1072,Green Chili Pepper
782,1053,Rolex Cellini Moonphase
782,1053,Longines Master Collection
783,1043,Dior J'adore
783,1043,Dolce Shine Eau de
783,1043,Chanel Coco Noir Eau De
784,1049,Annibale Colombo Sofa
784,1049,Bedside Table African Cherry
784,1049,Knoll Saarinen Executive Conference Chair
784,1049,Wooden Bathroom Sink With Mirror
785,1048,Nike Air Jordan 1 Red And Black
786,1036,Sleek Modern Laptop with Ambient Lighting
786,1036,Prada Women Bag
787,1061,Green Crystal Earring
788,1065,Black & Brown Slipper
789,1093,Samsung Galaxy Tab White
789,1093,Apple Airpods
790,1089,Chic Transparent Fashion Handbag
791,1024,Amazon Echo Plus
791,1024,Generic Motorcycle
791,1024,MotoGP CI.H1
791,1024,Scooter Motorcycle
792,1037,Cooking Oil
792,1037,Black & Brown Slipper
792,1037,Calvin Klein Heel Shoes
792,1037,Golden Shoes Woman
792,1037,Red Shoes
793,1008,Huawei Matebook X Pro
793,1008,Classic Blue Suede Casual Shoes
793,1008,Cricket Bat
794,1063,Microwave Oven
794,1063,Monopod
795,1040,Apple MagSafe Battery Pack
795,1040,Generic Motorcycle
795,1040,MotoGP CI.H1
795,1040,Scooter Motorcycle
795,1040,Sportbike Motorcycle
796,1070,Basketball
796,1070,Family Tree Photo Frame
796,1070,House Showpiece Plant
797,1077,iPhone 12 Silicone Case with MagSafe Plum
797,1077,Attitude Super Leaves Hand Soap
798,1050,Vibrant Pink Classic Sneakers
798,1050,Futuristic Silver and Gold High-Top Sneaker
798,1050,Vibrant Runners: Bold Orange & Blue Sneakers
799,1077,Dolce Shine Eau de
799,1077,Calvin Klein CK One
800,1035,Elegant Solid Wood Dining Table
800,1035,Efficient 2-Slice Toaster
801,1067,Radiant Citrus Eau de Parfum
801,1067,iPhone X
801,1067,Short Frock
802,1040,Blue Frock
802,1040,Classic Blue Baseball Cap
802,1040,Kawasaki Z800
803,1011,Nike Air Jordan 1 Red And Black
803,1011,Sports Sneakers Off White Red
804,1037,Sleek Wireless Headphone & Inked Earbud Set
804,1037,Sleek Wireless Computer Mouse
805,1054,Basketball
805,1054,Pampi Shoes
805,1054,Short Frock
806,1016,Radiant Citrus Eau de Parfum
806,1016,Chic Transparent Fashion Handbag
806,1016,Trendy Pink-Tinted Sunglasses
806,1016,Sleek All-Terrain Go-Kart
807,1072,Sports Sneakers Off White Red
808,1004,Rainbow Glitter High Heels
808,1004,Citrus Squeezer Yellow
808,1004,Rolex Datejust Women
809,1044,Classic Red Pullover Hoodie
809,1044,Baseball Ball
809,1044,Baseball Glove
809,1044,Cricket Ball
809,1044,Cricket Wicket
810,1060,IWC Ingenieur Automatic Steel
810,1060,Iron Golf
810,1060,Selfie Lamp with iPhone
811,1016,Dior J'adore
811,1016,American Football
812,1063,Black Women's Gown
812,1063,Calvin Klein CK One
813,1050,Nike Baseball Cleats
813,1050,Sports Sneakers Off White & Red
813,1050,Sports Sneakers Off White Red
814,1045,Vaseline Men Body and Face Lotion
814,1045,Attitude Super Leaves Hand Soap
815,1031,Lenovo Yoga 920
815,1031,Asus Zenbook Pro Dual Screen Laptop
816,1014,Sleek Olive Green Hardshell Carry-On Luggage
817,1076,Rolex Cellini Moonphase
817,1076,Rolex Datejust
817,1076,Longines Master Collection
817,1076,Rolex Cellini Date Black Dial
818,1043,Rolex Cellini Moonphase
818,1043,Essence Mascara Lash Princess
819,1057,Vaseline Men Body and Face Lotion
819,1057,Attitude Super Leaves Hand Soap
819,1057,Olay Ultra Moisture Shea Butter Body Wash
820,1009,Samsung Galaxy Tab S8 Plus Grey
820,1009,iPad Mini 2021 Starlight
821,1018,Tropical Earring
821,1018,Fine Mesh Strainer
821,1018,Green Crystal Earring
821,1018,Green Oval Earring
822,1025,Generic Motorcycle
823,1082,Man Plaid Shirt
823,1082,Family Tree Photo Frame
823,1082,House Showpiece Plant
824,1026,Vaseline Men Body and Face Lotion
824,1026,Attitude Super Leaves Hand Soap
824,1026,Olay Ultra Moisture Shea Butter Body Wash
825,1098,Samsung Galaxy Tab S8 Plus Grey
825,1098,Mulberry
826,1063,Modern Ergonomic Office Chair
827,1027,Marni Red & Black Suit
827,1027,Green Crystal Earring
827,1027,Green Oval Earring
828,1010,Generic Motorcycle
828,1010,Futuristic Holographic Soccer Cleats
828,1010,Sportbike Motorcycle
829,1011,Sleek Wireless Computer Mouse
830,1022,Asus Zenbook Pro Dual Screen Laptop
830,1022,Huawei Matebook X Pro
830,1022,Lenovo Yoga 920
830,1022,New DELL XPS 13 9300 Laptop
830,1022,Apple
831,1066,Decoration Swing
831,1066,House Showpiece Plant
831,1066,Plant Pot
831,1066,Table Lamp
832,1022,Essence Mascara Lash Princess
832,1022,New DELL XPS 13 9300 Laptop
832,1022,Gray Dress
833,1058,Dodge Hornet GT Plus
834,1058,Vivo X21
835,1007,Radiant Citrus Eau de Parfum
836,1026,Watch Gold for Women
836,1026,IWC Ingenieur Automatic Steel
837,1090,TV Studio Camera Pedestal
837,1090,Apple Watch Series 4 Gold
837,1090,Selfie Lamp with iPhone
838,1032,Tropical Earring
838,1032,Green Crystal Earring
838,1032,Green Oval Earring
839,1100,Lenovo Yoga 920
839,1100,Apple MacBook Pro 14 Inch Space Grey
839,1100,Asus Zenbook Pro Dual Screen Laptop
840,1028,Carbon Steel Wok
840,1028,Apple AirPods Max Silver
841,1042,Rolex Cellini Moonphase
841,1042,Longines Master Collection
841,1042,Rolex Cellini Date Black Dial
842,1058,Gigabyte Aorus Men Tshirt
842,1058,Soft Drinks
842,1058,Men Check Shirt
843,1043,Apple
843,1043,Green Chili Pepper
843,1043,Protein Powder
844,1004,Rolex Datejust
844,1004,Classic Black T-Shirt
845,1090,Radiant Citrus Eau de Parfum
845,1090,Tissue Paper Box
845,1090,Green Oval Earring
846,1088,Realme C35
846,1088,iPad Mini 2021 Starlight
847,1060,Red Lipstick
848,1010,Party Glasses
848,1010,Sunglasses
849,1041,Samsung Galaxy Tab S8 Plus Grey
849,1041,iPad Mini 2021 Starlight
850,1071,Oppo A57
851,1040,Tartan Dress
852,1093,Pampi Shoes
852,1093,Sleek Wireless Headphone & Inked Earbud Set
852,1093,Green Oval Earring
853,1020,Classic White Tee - Timeless Style and Comfort
853,1020,Eyeshadow Palette with Mirror
853,1020,Classic Red Pullover Hoodie
853,1020,Classic Black Hooded Sweatshirt
854,1042,Black Sun Glasses
855,1072,Electric Stove
855,1072,Lunch Box
856,1064,Charger SXT RWD
856,1064,Corset Leather With Skirt
856,1064,Durango SXT RWD
856,1064,Pacifica Touring
857,1085,Volleyball
857,1085,Basketball Rim
858,1022,Sportbike Motorcycle
859,1041,Realme XT
860,1035,Selfie Lamp with iPhone
860,1035,Selfie Stick Monopod
861,1034,Rolex Cellini Moonphase
861,1034,Rolex Submariner Watch
861,1034,Brown Leather Belt Watch
861,1034,Rolex Cellini Date Black Dial
862,1084,Tropical Earring
862,1084,Sports Sneakers Off White Red
862,1084,Green Crystal Earring
862,1084,Green Oval Earring
863,1021,Citrus Squeezer Yellow
864,1030,Samsung Galaxy Tab White
864,1030,iPad Mini 2021 Starlight
865,1069,Corset Leather With Skirt
865,1069,Gucci Bloom Eau de
865,1069,Pan
866,1036,Annibale Colombo Bed
867,1016,Blue Women's Handbag
868,1093,Vaseline Men Body and Face Lotion
868,1093,Sports Sneakers Off White Red
868,1093,Attitude Super Leaves Hand Soap
869,1020,Lunch Box
869,1020,Classic White Tee - Timeless Style and Comfort
869,1020,Mug Tree Stand
870,1014,Tropical Earring
870,1014,Green Crystal Earring
870,1014,Green Oval Earring
871,1034,Rolex Datejust
871,1034,Rolex Cellini Date Black Dial
872,1054,Vivo X21
872,1054,Green Chili Pepper
872,1054,Golden Shoes Woman
873,1031,Elegant Solid Wood Dining Table
873,1031,Modern Ergonomic Office Chair
873,1031,Mid-Century Modern Wooden Dining Table
874,1088,Classic White Tee - Timeless Style and Comfort
874,1088,Green Crystal Earring
874,1088,Rolex Cellini Date Black Dial
875,1016,Dior J'adore
876,1021,Strawberry
876,1021,Green Chili Pepper
876,1021,Gray Dress
876,1021,Cooking Oil
877,1069,Soft Drinks
877,1069,Tissue Paper Box
877,1069,Water
877,1069,Dog Food
877,1069,Honey Jar
878,1045,Sleek Olive Green Hardshell Carry-On Luggage
878,1045,Chic Transparent Fashion Handbag
878,1045,Sleek Futuristic Electric Bicycle
878,1045,Sleek All-Terrain Go-Kart
879,1062,Watch Gold for Women
879,1062,IWC Ingenieur Automatic Steel
880,1045,iPhone 6
881,1087,Tissue Paper Box
881,1087,Red Lipstick
881,1087,Classic Blue Suede Casual Shoes
882,1033,Futuristic Chic High-Heel Boots
883,1062,Watch Gold for Women
883,1062,IWC Ingenieur Automatic Steel
884,1027,Women Handbag Black
884,1027,Blue Women's Handbag
884,1027,Prada Women Bag
884,1027,Apple HomePod Mini Cosmic Grey
885,1098,Marni Red & Black Suit
886,1025,Watch Gold for Women
886,1025,Vibrant Runners: Bold Orange & Blue Sneakers
887,1009,Dior J'adore
887,1009,Gucci Bloom Eau de
888,1063,Kawasaki Z800
888,1063,Scooter Motorcycle
889,1014,Sleek Modern Laptop with Ambient Lighting
889,1014,Sleek Wireless Headphone & Inked Earbud Set
890,1060,Blue Women's Handbag
891,1007,Short Frock
891,1007,Sunglasses
891,1007,Tennis Ball
892,1083,Futuristic Chic High-Heel Boots
893,1097,Vaseline Men Body and Face Lotion
894,1042,Black Women's Gown
894,1042,Corset Leather With Skirt
894,1042,Marni Red & Black Suit
895,1034,Chic Transparent Fashion Handbag
895,1034,Sleek Futuristic Electric Bicycle
895,1034,Sleek All-Terrain Go-Kart
896,1070,Decoration Swing
896,1070,Family Tree Photo Frame
896,1070,House Showpiece Plant
896,1070,Table Lamp
897,1082,Classic Comfort Drawstring Joggers
897,1082,Classic Red Pullover Hoodie
898,1007,Rolex Cellini Date Black Dial
899,1087,Oppo K1
899,1087,Classic High-Waisted Athletic Shorts
900,1016,Black Whisk
900,1016,Hand Blender
901,1078,Tropical Earring
901,1078,Citrus Squeezer Yellow
901,1078,Green Crystal Earring
901,1078,Green Oval Earring
902,1039,Pampi Shoes
903,1096,Amazon Echo Plus
903,1096,Apple AirPods Max Silver
903,1096,Selfie Lamp with iPhone
904,1004,Huawei Matebook X Pro
904,1004,Electric Stove
904,1004,Red Onions
905,1010,Radiant Citrus Eau de Parfum
905,1010,MotoGP CI.H1
905,1010,Elegant Glass Tumbler Set
906,1083,Modern Minimalist Workstation Setup
906,1083,Annibale Colombo Bed
906,1083,Mid-Century Modern Wooden Dining Table
906,1083,Wooden Bathroom Sink With Mirror
907,1041,Futuristic Chic High-Heel Boots
907,1041,Vibrant Runners: Bold Orange & Blue Sneakers
908,1036,Stylish Red & Silver Over-Ear Headphones
908,1036,Sleek Mirror Finish Phone Case
908,1036,Sleek Smartwatch with Vibrant Display
908,1036,Sleek Wireless Computer Mouse
909,1042,Apple Watch Series 4 Gold
910,1092,TV Studio Camera Pedestal
911,1024,Sleek Modern Laptop for Professionals
911,1024,Sleek Wireless Headphone & Inked Earbud Set
912,1015,Classic Red Jogger Sweatpants
913,1042,Honey Jar
913,1042,Potatoes
913,1042,Ice Cream
913,1042,Dog Food
914,1047,Slotted Turner
914,1047,Oppo F19 Pro Plus
915,1058,iPad Mini 2021 Starlight
916,1100,Modern Ergonomic Office Chair
917,1054,Blue Frock
917,1054,Girl Summer Dress
917,1054,Short Frock
917,1054,Tartan Dress
918,1090,Classic Blue Suede Casual Shoes
919,1011,Black Aluminium Cup
919,1011,Ice Cube Tray
920,1067,Juice
921,1100,Tropical Earring
921,1100,Elegant Solid Wood Dining Table
922,1021,Corset With Black Skirt
922,1021,Dress Pea
922,1021,Elegant Glass Tumbler Set
923,1093,Huawei Matebook X Pro
923,1093,Lenovo Yoga 920
923,1093,Asus Zenbook Pro Dual Screen Laptop
924,1056,Nike Air Jordan 1 Red And Black
924,1056,Apple Airpods
924,1056,Table Lamp
925,1061,Tray
926,1053,Plate
927,1069,Green and Black Glasses
927,1069,Apple AirPods Max Silver
927,1069,Party Glasses
928,1094,Sleek White & Orange Wireless Gaming Controller
928,1094,Sleek Wireless Headphone & Inked Earbud Set
928,1094,Sleek Comfort-Fit Over-Ear Headphones
928,1094,Efficient 2-Slice Toaster
929,1078,Annibale Colombo Sofa
930,1083,Sports Sneakers Off White & Red
930,1083,Calvin Klein CK One
931,1064,Apple Watch Series 4 Gold
931,1064,Apple MacBook Pro 14 Inch Space Grey
931,1064,Asus Zenbook Pro Dual Screen Laptop
931,1064,Lenovo Yoga 920
931,1064,New DELL XPS 13 9300 Laptop
932,1072,Man Plaid Shirt
933,1057,Apple iPhone Charger
933,1057,Black Sun Glasses
933,1057,Beats Flex Wireless Earphones
934,1057,Short Frock
935,1084,Black Sun Glasses
935,1084,Classic Sun Glasses
935,1084,Green and Black Glasses
936,1070,Samsung Galaxy Tab White
936,1070,Golf Ball
937,1044,Watch Gold for Women
937,1044,Sleek Smartwatch with Vibrant Display
937,1044,Green Oval Earring
938,1090,Sportbike Motorcycle
939,1020,Monopod
940,1076,Essence Mascara Lash Princess
940,1076,Eyeshadow Palette with Mirror
940,1076,Red Nail Polish
940,1076,Rolex Datejust Women
941,1012,Samsung Galaxy Tab S8 Plus Grey
941,1012,Samsung Galaxy Tab White
942,1086,Futuristic Holographic Soccer Cleats
943,1031,Huawei Matebook X Pro
943,1031,iPad Mini 2021 Starlight
944,1026,Annibale Colombo Bed
944,1026,Elegant Solid Wood Dining Table
944,1026,Modern Ergonomic Office Chair
944,1026,Knoll Saarinen Executive Conference Chair
945,1039,Blue Frock
945,1039,Girl Summer Dress
945,1039,Gray Dress
946,1100,Samsung Galaxy S10
946,1100,Vivo S1
946,1100,Vivo V9
946,1100,Charger SXT RWD
946,1100,Oppo K1
947,1032,Nike Air Jordan 1 Red And Black
947,1032,Eyeshadow Palette with Mirror
948,1083,Apple MacBook Pro 14 Inch Space Grey
948,1083,Attitude Super Leaves Hand Soap
948,1083,Olay Ultra Moisture Shea Butter Body Wash
949,1032,Futuristic Holographic Soccer Cleats
949,1032,Ice Cream
950,1070,Blue Frock
950,1070,Gray Dress
951,1022,Juice
952,1069,Samsung Galaxy Tab S8 Plus Grey
952,1069,Rolex Submariner Watch
952,1069,Rolex Cellini Moonphase
953,1048,Protein Powder
953,1048,Classic White Crew Neck T-Shirt
953,1048,Green Chili Pepper
953,1048,Ice Cream
953,1048,Lemon
954,1078,Women's Wrist Watch
954,1078,Stylish Red & Silver Over-Ear Headphones
954,1078,Asus Zenbook Pro Dual Screen Laptop
955,1058,Annibale Colombo Bed
955,1058,Silver Pot With Glass Cap
955,1058,Sleek All-Terrain Go-Kart
956,1084,Boxed Blender
957,1085,Mug Tree Stand
957,1085,Wooden Rolling Pin
957,1085,Boxed Blender
957,1085,Citrus Squeezer Yellow
957,1085,Rolex Cellini Date Black Dial
958,1057,Feather Shuttlecock
959,1073,Chicken Meat
959,1073,Blue & Black Check Shirt
960,1082,Sleek Mirror Finish Phone Case
960,1082,Sleek White & Orange Wireless Gaming Controller
960,1082,Sleek Wireless Computer Mouse
961,1013,Elegant Patent Leather Peep-Toe Pumps with Gold-Tone Heel
961,1013,Classic Blue Suede Casual Shoes
961,1013,Vibrant Runners: Bold Orange & Blue Sneakers
962,1089,Dodge Hornet GT Plus
963,1099,Women Handbag Black
963,1099,Black Women's Gown
963,1099,Corset With Black Skirt
963,1099,Dress Pea
964,1012,Black Aluminium Cup
964,1012,Chopping Board
964,1012,Plate
965,1025,Eyeshadow Palette with Mirror
965,1025,Prada Women Bag
965,1025,Calvin Klein CK One
966,1017,Tartan Dress
967,1071,Gigabyte Aorus Men Tshirt
967,1071,Man Plaid Shirt
967,1071,Man Short Sleeve Shirt
968,1053,Charger SXT RWD
968,1053,Durango SXT RWD
968,1053,300 Touring
969,1092,Elegant Patent Leather Peep-Toe Pumps with Gold-Tone Heel
969,1092,Classic Blue Suede Casual Shoes
970,1034,Vaseline Men Body and Face Lotion
970,1034,Attitude Super Leaves Hand Soap
971,1024,Corset Leather With Skirt
971,1024,Corset With Black Skirt
971,1024,Dress Pea
972,1039,Chic Transparent Fashion Handbag
973,1044,iPhone 13 Pro
973,1044,Samsung Galaxy S7
974,1009,Powder Canister
974,1009,Red Lipstick
974,1009,Sleek Futuristic Electric Bicycle
975,1077,Classic Blue Baseball Cap
976,1057,Red Nail Polish
976,1057,Sleek Comfort-Fit Over-Ear Headphones
977,1018,Classic Comfort Drawstring Joggers
977,1018,Majestic Mountain Graphic T-Shirt
977,1018,Classic Red Pullover Hoodie
978,1020,Slotted Turner
978,1020,Black Women's Gown
978,1020,Corset Leather With Skirt
978,1020,Dress Pea
978,1020,Marni Red & Black Suit
979,1031,Rolex Cellini Moonphase
979,1031,Rolex Submariner Watch
979,1031,Rolex Cellini Date Black Dial
980,1005,Elegant Patent Leather Peep-Toe Pumps with Gold-Tone Heel
980,1005,Citrus Squeezer Yellow
981,1087,Metal Baseball Bat
982,1061,Black Aluminium Cup
983,1014,Samsung Galaxy Tab S8 Plus Grey
983,1014,Samsung Galaxy Tab White
983,1014,iPad Mini 2021 Starlight
984,1092,Puma Future Rider Trainers
984,1092,Sports Sneakers Off White & Red
985,1069,Puma Future Rider Trainers
986,1033,Tropical Earring
986,1033,Green Oval Earring
987,1016,Charger SXT RWD
987,1016,Generic Motorcycle
987,1016,Oppo F19 Pro Plus
988,1074,Essence Mascara Lash Princess
988,1074,Powder Canister
988,1074,Red Lipstick
989,1055,Black & Brown Slipper
989,1055,Calvin Klein Heel Shoes
989,1055,Golden Shoes Woman
989,1055,Pampi Shoes
990,1019,Essence Mascara Lash Princess
990,1019,Eyeshadow Palette with Mirror
991,1053,Charger SXT RWD
991,1053,Dodge Hornet GT Plus
991,1053,Durango SXT RWD
992,1050,Annibale Colombo Sofa
992,1050,Bedside Table African Cherry
993,1083,Electric Stove
994,1025,Modern Ergonomic Office Chair
994,1025,Party Glasses
995,1088,Vivo S1
995,1088,Nike Air Jordan 1 Red And Black
995,1088,Puma Future Rider Trainers
995,1088,Sports Sneakers Off White & Red
995,1088,Sports Sneakers Off White Red
996,1002,Decoration Swing
996,1002,Family Tree Photo Frame
996,1002,House Showpiece Plant
996,1002,Plant Pot
997,1034,Women Handbag Black
998,1040,title-2a140921-f960-4035-8f8f-e5e70787848d
998,1040,Sleek Wireless Computer Mouse
999,1031,Dior J'adore
999,1031,Chanel Coco Noir Eau De
1000,1059,Sleek Olive Green Hardshell Carry-On Luggage
1001,1065,Charger SXT RWD
1001,1065,Dodge Hornet GT Plus
1001,1065,300 Touring
1002,1017,Black Women's Gown
1002,1017,Dress Pea
1003,1025,Huawei Matebook X Pro
1003,1025,New DELL XPS 13 9300 Laptop
1003,1025,Apple MacBook Pro 14 Inch Space Grey
1004,1022,Calvin Klein CK One
1005,1052,Generic Motorcycle
1005,1052,Kawasaki Z800
1005,1052,Sportbike Motorcycle
1006,1030,Attitude Super Leaves Hand Soap
1007,1086,Fish Steak
1007,1086,Rolex Cellini Moonphase
1007,1086,Eggs
1008,1046,Chic Summer Denim Espadrille Sandals
1009,1036,Watch Gold for Women
1009,1036,Kawasaki Z800
1009,1036,Juice
1010,1028,Beats Flex Wireless Earphones
1011,1014,Selfie Lamp with iPhone
1012,1050,Samsung Galaxy S8
1013,1063,Tray
1013,1063,Egg Slicer
1013,1063,Chanel Coco Noir Eau De
1014,1073,Classic Sun Glasses
1015,1068,Blue Frock
1015,1068,Short Frock
1015,1068,Tartan Dress
1016,1067,Tropical Earring
1017,1086,Kawasaki Z800
1017,1086,MotoGP CI.H1
1017,1086,Scooter Motorcycle
1018,1024,Gucci Bloom Eau de
1019,1067,Nike Air Jordan 1 Red And Black
1019,1067,Nike Baseball Cleats
1019,1067,Sports Sneakers Off White & Red
1020,1031,Classic Sun Glasses
1021,1065,Classic Black Hooded Sweatshirt
1022,1059,Cucumber
1023,1001,Radiant Citrus Eau de Parfum
1023,1001,Basketball
1024,1003,Mulberry
1024,1003,MotoGP CI.H1
1025,1026,Essence Mascara Lash Princess
1025,1026,Powder Canister
1026,1012,Corset Leather With Skirt
1026,1012,Corset With Black Skirt
1026,1012,Dress Pea
1026,1012,Marni Red & Black Suit
1027,1088,Sleek Wireless Headphone & Inked Earbud Set
1027,1088,Classic Black Baseball Cap
1027,1088,Silver Pot With Glass Cap
1028,1038,Black Women's Gown
1028,1038,Corset With Black Skirt
1028,1038,Dress Pea
1028,1038,Marni Red & Black Suit
1029,1041,Samsung Galaxy Tab S8 Plus Grey
1030,1083,Women's Wrist Watch
1030,1083,IWC Ingenieur Automatic Steel
1030,1083,Rolex Datejust Women
1031,1029,Durango SXT RWD
1031,1029,Black & Brown Slipper
1031,1029,Calvin Klein Heel Shoes
1031,1029,Golden Shoes Woman
1032,1066,Rolex Datejust
1032,1066,Kawasaki Z800
1033,1037,Grater Black
1034,1001,Generic Motorcycle
1034,1001,MotoGP CI.H1
1034,1001,Scooter Motorcycle
1034,1001,Sportbike Motorcycle
1035,1077,Samsung Galaxy Tab S8 Plus Grey
1035,1077,Dior J'adore
1036,1047,Sleek Modern Laptop with Ambient Lighting
1036,1047,Sleek Wireless Headphone & Inked Earbud Set
1036,1047,title-2a140921-f960-4035-8f8f-e5e70787848d
1036,1047,Sleek Wireless Computer Mouse
1037,1028,IWC Ingenieur Automatic Steel
1038,1093,Essence Mascara Lash Princess
1038,1093,Eyeshadow Palette with Mirror
1038,1093,Women's Wrist Watch
1038,1093,Red Lipstick
1038,1093,Red Nail Polish
1039,1012,Futuristic Silver and Gold High-Top Sneaker
1039,1012,Blue Frock
1039,1012,Elegant Golden-Base Stone Top Dining Table
1040,1014,Party Glasses
1041,1006,Vibrant Pink Classic Sneakers
1041,1006,Cricket Ball
1042,1047,Black & Brown Slipper
1042,1047,Golden Shoes Woman
1042,1047,Pampi Shoes
1043,1086,Rolex Datejust
1043,1086,Rolex Submariner Watch
1043,1086,Brown Leather Belt Watch
1043,1086,Rolex Cellini Date Black Dial
1044,1008,Samsung Galaxy S8
1044,1008,Vivo V9
1045,1100,Majestic Mountain Graphic T-Shirt
1045,1100,Sportbike Motorcycle
1046,1017,Sleek Olive Green Hardshell Carry-On Luggage
1046,1017,Elegant Glass Tumbler Set
1047,1035,Gigabyte Aorus Men Tshirt
1047,1035,Brown Leather Belt Watch
1048,1020,Samsung Galaxy S7
1048,1020,Baseball Glove
1049,1058,MotoGP CI.H1
1050,1081,Samsung Galaxy Tab S8 Plus Grey
1051,1027,American Football
1051,1027,Golf Ball
1052,1066,Watch Gold for Women
1052,1066,Women's Wrist Watch
1052,1066,IWC Ingenieur Automatic Steel
1053,1051,Green Crystal Earring
1054,1048,Green Bell Pepper
1054,1048,Carbon Steel Wok
1055,1055,Huawei Matebook X Pro
1055,1055,Elegant Purple Leather Loafers
1056,1074,Marni Red & Black Suit
1057,1044,Beats Flex Wireless Earphones
1057,1044,Apple Airpods
1057,1044,Carbon Steel Wok
1057,1044,Selfie Stick Monopod
1058,1029,Gigabyte Aorus Men Tshirt
1058,1029,Men Check Shirt
1059,1036,Futuristic Silver and Gold High-Top Sneaker
1059,1036,Decoration Swing
1059,1036,House Showpiece Plant
1060,1059,Chicken Meat
1060,1059,Ice Cream
1060,1059,Cucumber
1061,1007,Beef Steak
1061,1007,Honey Jar
1061,1007,Red Onions
1062,1097,Classic Red Jogger Sweatpants
1062,1097,Classic Black Baseball Cap
1063,1064,Strawberry
1063,1064,Blue & Black Check Shirt
1064,1052,Cricket Bat
1064,1052,Classic Red Baseball Cap
1064,1052,Vibrant Runners: Bold Orange & Blue Sneakers
1065,1062,Sleek Wireless Headphone & Inked Earbud Set
1065,1062,Stylish Red & Silver Over-Ear Headphones
1065,1062,Sleek Mirror Finish Phone Case
1065,1062,Sleek Smartwatch with Vibrant Display
1066,1018,Green and Black Glasses
1066,1018,Party Glasses
1066,1018,Sunglasses
1067,1035,Black Aluminium Cup
1067,1035,Calvin Klein Heel Shoes
1067,1035,Apple HomePod Mini Cosmic Grey
1068,1030,Elegant Patent Leather Peep-Toe Pumps with Gold-Tone Heel
1068,1030,Futuristic Holographic Soccer Cleats
1069,1071,Sleek Smartwatch with Vibrant Display
1069,1071,Green Crystal Earring
1069,1071,Efficient 2-Slice Toaster
1070,1056,Futuristic Silver and Gold High-Top Sneaker
1070,1056,Elegant Patent Leather Peep-Toe Pumps with Gold-Tone Heel
1070,1056,Futuristic Holographic Soccer Cleats
1071,1078,Chic Transparent Fashion Handbag
1071,1078,Sleek All-Terrain Go-Kart
1072,1093,Classic Comfort Drawstring Joggers
1072,1093,Classic White Tee - Timeless Style and Comfort
1072,1093,Classic Olive Chino Shorts
1073,1058,Black Women's Gown
1073,1058,Corset Leather With Skirt
1074,1083,Nescafe Coffee
1074,1083,Sports Sneakers Off White & Red
1074,1083,Efficient 2-Slice Toaster
1075,1090,Tropical Earring
1075,1090,Green Crystal Earring
1076,1003,Charger SXT RWD
1076,1003,Dodge Hornet GT Plus
1076,1003,Durango SXT RWD
1076,1003,Pacifica Touring
1076,1003,Boxed Blender
1077,1035,Glass
1077,1035,Eyeshadow Palette with Mirror
1077,1035,Powder Canister
1077,1035,Red Nail Polish
1078,1016,iPhone 12 Silicone Case with MagSafe Plum
1078,1016,Classic Black Baseball Cap
1079,1037,Futuristic Silver and Gold High-Top Sneaker
1080,1041,Black Sun Glasses
1080,1041,Classic Sun Glasses
1080,1041,Green and Black Glasses
1080,1041,Party Glasses
1081,1077,Essence Mascara Lash Princess
1081,1077,Powder Canister
1081,1077,Elegant Patent Leather Peep-Toe Pumps with Gold-Tone Heel
1082,1008,Classic Red Jogger Sweatpants
1083,1077,iPhone 13 Pro
1083,1077,Sleek Modern Leather Sofa
1084,1095,Boxed Blender
1084,1095,Microwave Oven
1084,1095,Tray
1084,1095,Wooden Bathroom Sink With Mirror
1085,1086,Protein Powder
1085,1086,Annibale Colombo Sofa
1085,1086,Cooking Oil
1085,1086,Eggs
1085,1086,Lemon
1086,1008,Black Women's Gown
1086,1008,Boxed Blender
1087,1020,Cricket Helmet
1088,1080,Classic Black T-Shirt
1088,1080,Classic High-Waisted Athletic Shorts
1089,1017,Dolce Shine Eau de
1089,1017,Gucci Bloom Eau de
1089,1017,Calvin Klein CK One
1090,1060,Sports Sneakers Off White Red
1090,1060,Sunglasses
1091,1007,Rolex Cellini Moonphase
1091,1007,Rolex Datejust
1091,1007,Longines Master Collection
1092,1028,Pacifica Touring
1093,1055,Charger SXT RWD
1093,1055,Classic White Tee - Timeless Style and Comfort
1093,1055,Heshe Women's Leather Bag
1094,1099,Party Glasses
1095,1009,Cricket Bat
1096,1072,iPhone 6
1096,1072,Red Lipstick
1096,1072,Bedside Table African Cherry
1097,1034,Black Women's Gown
1097,1034,Corset With Black Skirt
1097,1034,Dress Pea
1097,1034,Marni Red & Black Suit
1098,1035,Women Handbag Black
1098,1035,Lunch Box
1098,1035,Classic Olive Chino Shorts
1099,1075,Elegant Solid Wood Dining Table
1099,1075,Rolex Submariner Watch
1099,1075,Pacifica Touring
1100,1046,iPad Mini 2021 Starlight
1100,1046,Efficient 2-Slice Toaster
1100,1046,Vibrant Runners: Bold Orange & Blue Sneakers
1101,1003,Nike Air Jordan 1 Red And Black
1101,1003,Nike Baseball Cleats
1101,1003,Puma Future Rider Trainers
1102,1061,Elegant Solid Wood Dining Table
1102,1061,Modern Ergonomic Office Chair
1102,1061,Bedside Table African Cherry
1102,1061,Wooden Bathroom Sink With Mirror
1103,1043,Sleek Smartwatch with Vibrant Display
1103,1043,title-2a140921-f960-4035-8f8f-e5e70787848d
1103,1043,Sleek Wireless Computer Mouse
1104,1054,Chic Transparent Fashion Handbag
1105,1017,Boxed Blender
1105,1017,Scooter Motorcycle
1105,1017,Kitchen Sieve
1106,1042,Golf Ball
1106,1042,Mug Tree Stand
1106,1042,Gray Dress
1107,1095,Vaseline Men Body and Face Lotion
1107,1095,Attitude Super Leaves Hand Soap
1107,1095,Olay Ultra Moisture Shea Butter Body Wash
1108,1050,Modern Elegance Teal Armchair
1108,1050,Modern Ergonomic Office Chair
1108,1050,Bedside Table African Cherry
1108,1050,Mid-Century Modern Wooden Dining Table
1109,1058,Pacifica Touring
1109,1058,Monopod
1109,1058,300 Touring
1110,1018,Samsung Galaxy Tab S8 Plus Grey
1110,1018,Samsung Galaxy Tab White
1111,1016,Vaseline Men Body and Face Lotion
1111,1016,Attitude Super Leaves Hand Soap
1111,1016,Olay Ultra Moisture Shea Butter Body Wash
1112,1076,Classic Comfort Drawstring Joggers
1112,1076,Classic Black T-Shirt
1113,1083,Cucumber
1114,1099,Black & Brown Slipper
1114,1099,Red Shoes
1115,1001,Sleek Modern Laptop with Ambient Lighting
1115,1001,Man Plaid Shirt
1116,1016,Futuristic Silver and Gold High-Top Sneaker
1116,1016,Elegant Purple Leather Loafers
1116,1016,Classic Blue Suede Casual Shoes
1116,1016,Vibrant Runners: Bold Orange & Blue Sneakers
1117,1067,Black & Brown Slipper
1117,1067,Red Shoes
1118,1003,Trendy Pink-Tinted Sunglasses
1119,1035,Charger SXT RWD
1119,1035,Dodge Hornet GT Plus
1119,1035,Durango SXT RWD
1119,1035,300 Touring
1120,1063,Fork
1120,1063,Sleek Mirror Finish Phone Case
1120,1063,Yellow Peeler
1121,1077,iPhone 13 Pro
1121,1077,Sleek Futuristic Electric Bicycle
1122,1015,Green Bell Pepper
1122,1015,Nescafe Coffee
1122,1015,Water
1123,1016,Marni Red & Black Suit
1123,1016,Vivo V9
1124,1046,Chopping Board
1124,1046,Oppo F19 Pro Plus
1125,1012,Nike Air Jordan 1 Red And Black
1125,1012,Classic Navy Blue Baseball Cap
1126,1021,Strawberry
1126,1021,Chicken Meat
1126,1021,Potatoes
1127,1064,Marni Red & Black Suit
1128,1049,Girl Summer Dress
1128,1049,Gray Dress
1129,1064,Elegant Solid Wood Dining Table
1129,1064,Black Women's Gown
1129,1064,Corset Leather With Skirt
1129,1064,Corset With Black Skirt
1129,1064,Dress Pea
1130,1070,Eyeshadow Palette with Mirror
1130,1070,Powder Canister
1130,1070,Red Lipstick
1130,1070,Red Nail Polish
1131,1085,Lenovo Yoga 920
1131,1085,Asus Zenbook Pro Dual Screen Laptop
1132,1008,Blue Women's Handbag
1132,1008,Prada Women Bag
1132,1008,White Faux Leather Backpack
1132,1008,Women Handbag Black
1132,1008,Green Bell Pepper
1133,1067,Vivo X21
1133,1067,Black Sun Glasses
1133,1067,Green and Black Glasses
1133,1067,Party Glasses
1133,1067,Sunglasses
1134,1023,Apple Airpower Wireless Charger
1134,1023,Apple HomePod Mini Cosmic Grey
1135,1084,Dior J'adore
1135,1084,Gucci Bloom Eau de
1135,1084,Calvin Klein CK One
1135,1084,Chanel Coco Noir Eau De
1136,1061,Majestic Mountain Graphic T-Shirt
1136,1061,Selfie Stick Monopod
1137,1084,Rolex Datejust
1137,1084,Black Sun Glasses
1137,1084,Longines Master Collection
1138,1078,Generic Motorcycle
1138,1078,Black Sun Glasses
1138,1078,Samsung Galaxy S8
1139,1027,Microwave Oven
1139,1027,Gigabyte Aorus Men Tshirt
1140,1098,Nike Air Jordan 1 Red And Black
1141,1088,Blue & Black Check Shirt
1142,1028,Essence Mascara Lash Princess
1142,1028,Eyeshadow Palette with Mirror
1142,1028,Powder Canister
1142,1028,Red Lipstick
1143,1077,Green Bell Pepper
1143,1077,Sports Sneakers Off White & Red
1144,1038,Samsung Galaxy S10
1144,1038,Table Lamp
1145,1019,Tropical Earring
1145,1019,Green Crystal Earring
1145,1019,Green Oval Earring
1146,1054,Apple iPhone Charger
1146,1054,Puma Future Rider Trainers
1147,1004,Sleek White & Orange Wireless Gaming Controller
1147,1004,Sleek Wireless Headphone & Inked Earbud Set
1148,1066,Nike Baseball Cleats
1148,1066,Puma Future Rider Trainers
1148,1066,Sports Sneakers Off White & Red
1148,1066,Sports Sneakers Off White Red
1149,1065,Tropical Earring
1149,1065,Green Crystal Earring
1149,1065,Green Oval Earring
1150,1041,Apple MacBook Pro 14 Inch Space Grey
1151,1098,Fine Mesh Strainer
1152,1091,Man Plaid Shirt
1152,1091,Man Short Sleeve Shirt
1153,1001,Black Women's Gown
1153,1001,Corset Leather With Skirt
1153,1001,Dress Pea
1153,1001,Marni Red & Black Suit
1154,1046,Modern Elegance Teal Armchair
1155,1005,MotoGP CI.H1
1155,1005,Scooter Motorcycle
1156,1019,Modern Elegance Teal Armchair
1156,1019,Pacifica Touring
1156,1019,Gigabyte Aorus Men Tshirt
1157,1007,Calvin Klein Heel Shoes
1157,1007,Water
1158,1097,Sleek Olive Green Hardshell Carry-On Luggage
1158,1097,Cat Food
1158,1097,Classic Black Baseball Cap
1159,1054,Women Handbag Black
1159,1054,Blue Women's Handbag
1159,1054,Heshe Women's Leather Bag
1159,1054,Prada Women Bag
1160,1093,Rolex Cellini Moonphase
1160,1093,Rolex Submariner Watch
1160,1093,Rolex Cellini Date Black Dial
1161,1035,New DELL XPS 13 9300 Laptop
1161,1035,Apple MacBook Pro 14 Inch Space Grey
1162,1054,Tennis Racket
1162,1054,Modern Ergonomic Office Chair
1163,1042,Rolex Cellini Moonphase
1163,1042,Cat Food
1163,1042,Baseball Glove
1164,1028,Golden Shoes Woman
1164,1028,Party Glasses
1165,1003,Blue & Black Check Shirt
1165,1003,Gigabyte Aorus Men Tshirt
1165,1003,Man Short Sleeve Shirt
1166,1011,MotoGP CI.H1
1167,1088,Classic Olive Chino Shorts
1168,1047,Classic High-Waisted Athletic Shorts
1169,1014,Green Bell Pepper
1169,1014,Cat Food
1169,1014,Protein Powder
1170,1081,Corset With Black Skirt
1170,1081,Apple MacBook Pro 14 Inch Space Grey
1170,1081,Asus Zenbook Pro Dual Screen Laptop
1171,1054,iPhone 12 Silicone Case with MagSafe Plum
1172,1068,Red Lipstick
1172,1068,Red Nail Polish
1173,1045,Classic Comfort Fit Joggers
1174,1073,Oppo A57
1174,1073,Samsung Galaxy S8
1174,1073,Samsung Galaxy S10
1174,1073,Oppo F19 Pro Plus
1175,1082,Asus Zenbook Pro Dual Screen Laptop
1176,1089,Rolex Cellini Moonphase
1176,1089,Rolex Datejust
1176,1089,Rolex Submariner Watch
1176,1089,Silver Pot With Glass Cap
1176,1089,Longines Master Collection
1177,1011,Rolex Cellini Moonphase
1177,1011,Rolex Datejust
1178,1032,Cat Food
1178,1032,Elegant Patent Leather Peep-Toe Pumps with Gold-Tone Heel
1178,1032,Green Oval Earring
1179,1068,Oppo F19 Pro Plus
1179,1068,Oppo K1
1180,1025,Ice Cream
1180,1025,Samsung Galaxy S10
1180,1025,Selfie Stick Monopod
1181,1018,Women's Wrist Watch
1181,1018,White Faux Leather Backpack
1182,1085,Realme X
1182,1085,Blue Frock
1182,1085,Gray Dress
1183,1016,Calvin Klein Heel Shoes
1183,1016,Generic Motorcycle
1183,1016,Kawasaki Z800
1183,1016,Scooter Motorcycle
1184,1079,Attitude Super Leaves Hand Soap
1185,1077,Apple Airpods
1186,1017,Dior J'adore
1186,1017,Dolce Shine Eau de
1186,1017,Gucci Bloom Eau de
1186,1017,Chanel Coco Noir Eau De
1187,1075,Blue Women's Handbag
1187,1075,Heshe Women's Leather Bag
1187,1075,Prada Women Bag
1187,1075,White Faux Leather Backpack
1188,1078,Essence Mascara Lash Princess
1188,1078,Eyeshadow Palette with Mirror
1188,1078,Red Nail Polish
1188,1078,Dolce Shine Eau de
1189,1090,Golf Ball
1190,1099,Calvin Klein Heel Shoes
1191,1091,Bamboo Spatula
1191,1091,Sleek Mirror Finish Phone Case
1192,1082,Lunch Box
1192,1082,Protein Powder
1192,1082,Chicken Meat
1192,1082,Fish Steak
1192,1082,Ice Cream
1193,1031,Oppo F19 Pro Plus
1194,1024,Black & Brown Slipper
1194,1024,Sleek Wireless Computer Mouse
1195,1016,Rolex Datejust
1195,1016,Rolex Submariner Watch
1195,1016,Brown Leather Belt Watch
1195,1016,Longines Master Collection
1196,1026,Rolex Cellini Moonphase
1196,1026,Rolex Cellini Date Black Dial
1197,1085,Modern Ergonomic Office Chair
1197,1085,Knoll Saarinen Executive Conference Chair
1198,1068,Blue Women's Handbag
1198,1068,IWC Ingenieur Automatic Steel
1199,1029,Chic Transparent Fashion Handbag
1200,1057,Vaseline Men Body and Face Lotion
1200,1057,Attitude Super Leaves Hand Soap
1200,1057,Olay Ultra Moisture Shea Butter Body Wash
1201,1004,Gigabyte Aorus Men Tshirt
1201,1004,Oppo K1
1202,1061,Nescafe Coffee
1202,1061,Potatoes
1203,1011,Red Tongs
1204,1099,Huawei Matebook X Pro
1204,1099,Apple MacBook Pro 14 Inch Space Grey
1205,1057,Heshe Women's Leather Bag
1206,1050,Family Tree Photo Frame
1206,1050,Classic Grey Hooded Sweatshirt
1207,1067,Rolex Cellini Moonphase
1208,1100,Amazon Echo Plus
1209,1020,Apple iPhone Charger
1209,1020,Rolex Cellini Date Black Dial
1210,1099,Modern Minimalist Workstation Setup
1210,1099,Annibale Colombo Bed
1210,1099,Modern Ergonomic Office Chair
1211,1005,Classic Red Jogger Sweatpants
1211,1005,Classic White Tee - Timeless Style and Comfort
1211,1005,Classic Heather Gray Hoodie
1211,1005,Classic Black Baseball Cap
1212,1057,Girl Summer Dress
1213,1035,Rolex Datejust
1213,1035,Brown Leather Belt Watch
1213,1035,Rolex Cellini Date Black Dial
1214,1084,Blue Women's Handbag
1214,1084,Prada Women Bag
1215,1081,Classic Comfort Fit Joggers
1215,1081,Durango SXT RWD
1215,1081,Classic Red Baseball Cap
1215,1081,Classic Black Baseball Cap
1215,1081,Classic White Crew Neck T-Shirt
1216,1066,Charger SXT RWD
1216,1066,Dodge Hornet GT Plus
1216,1066,Pacifica Touring
1216,1066,Sportbike Motorcycle
1217,1064,Apple AirPods Max Silver
1217,1064,Apple MagSafe Battery Pack
1217,1064,iPhone 12 Silicone Case with MagSafe Plum
1217,1064,TV Studio Camera Pedestal
1217,1064,Oppo A57
1218,1060,Powder Canister
1218,1060,Classic Grey Hooded Sweatshirt
1219,1088,Classic White Tee - Timeless Style and Comfort
1219,1088,Classic Navy Blue Baseball Cap
1219,1088,Football
1219,1088,Classic High-Waisted Athletic Shorts
1220,1042,Classic Comfort Drawstring Joggers
1220,1042,Classic White Tee - Timeless Style and Comfort
1220,1042,Classic Red Pullover Hoodie
1220,1042,Classic High-Waisted Athletic Shorts
1221,1042,Generic Motorcycle
1221,1042,Classic Comfort Fit Joggers
1222,1042,Vivo S1
1223,1085,Decoration Swing
1223,1085,House Showpiece Plant
1223,1085,Table Lamp
1224,1015,Realme X
1224,1015,Sleek Futuristic Electric Bicycle
1224,1015,Sleek All-Terrain Go-Kart
1224,1015,Radiant Citrus Eau de Parfum
1224,1015,Elegant Glass Tumbler Set
1225,1022,Elegant Glass Tumbler Set
1225,1022,Olay Ultra Moisture Shea Butter Body Wash
1226,1060,Milk
1226,1060,Oppo A57
1226,1060,Kiwi
1227,1049,Tennis Racket
1227,1049,Bedside Table African Cherry
1227,1049,Ice Cube Tray
1228,1098,White Faux Leather Backpack
1229,1062,Realme XT
1229,1062,Oppo A57
1229,1062,Vivo V9
1230,1037,Green and Black Glasses
1231,1065,Futuristic Silver and Gold High-Top Sneaker
1231,1065,Futuristic Chic High-Heel Boots
1231,1065,Elegant Patent Leather Peep-Toe Pumps with Gold-Tone Heel
1231,1065,Vibrant Runners: Bold Orange & Blue Sneakers
1232,1014,Dolce Shine Eau de
1233,1088,Eyeshadow Palette with Mirror
1233,1088,Powder Canister
1233,1088,Red Lipstick
1233,1088,Red Nail Polish
1234,1083,Chicken Meat
1235,1083,Eyeshadow Palette with Mirror
1235,1083,Soft Drinks
1236,1085,Lunch Box
1236,1085,Calvin Klein CK One
1236,1085,Table Lamp
1237,1096,Blue Women's Handbag
1238,1065,iPhone 5s
1239,1044,Powder Canister
1239,1044,Red Lipstick
1240,1050,Lenovo Yoga 920
1240,1050,Apple MacBook Pro 14 Inch Space Grey
1241,1070,Elegant Glass Tumbler Set
1242,1088,Rolex Cellini Moonphase
1242,1088,American Football
1243,1100,Essence Mascara Lash Princess
1243,1100,Red Lipstick
1243,1100,Red Nail Polish
1244,1029,Golden Shoes Woman
1244,1029,Red Shoes
1245,1005,Potatoes
1245,1005,Red Onions
1245,1005,Soft Drinks
1246,1052,Tissue Paper Box
1246,1052,Corset Leather With Skirt
1246,1052,Chicken Meat
1246,1052,Green Chili Pepper
1246,1052,Lemon
1247,1041,Sleek Futuristic Electric Bicycle
1248,1055,Apple
1248,1055,Tissue Paper Box
1248,1055,Protein Powder
1249,1070,Black & Brown Slipper
1249,1070,Brown Leather Belt Watch
1250,1020,Realme C35
1251,1012,Nike Air Jordan 1 Red And Black
1251,1012,Nike Baseball Cleats
1251,1012,Sports Sneakers Off White & Red
1251,1012,Sports Sneakers Off White Red
1252,1062,Tropical Earring
1253,1083,Classic Red Pullover Hoodie
1253,1083,Classic Grey Hooded Sweatshirt
1254,1005,Realme XT
1254,1005,Gray Dress
1254,1005,Attitude Super Leaves Hand Soap
1255,1055,Vibrant Pink Classic Sneakers
1255,1055,Elegant Patent Leather Peep-Toe Pumps with Gold-Tone Heel
1255,1055,Sunglasses
1256,1042,Black Sun Glasses
1256,1042,300 Touring
1257,1100,Huawei Matebook X Pro
1257,1100,Baseball Glove
1257,1100,Apple MacBook Pro 14 Inch Space Grey
1257,1100,Asus Zenbook Pro Dual Screen Laptop
1258,1022,Elegant Purple Leather Loafers
1258,1022,Classic Blue Suede Casual Shoes
1259,1081,TV Studio Camera Pedestal
1259,1081,Stylish Red & Silver Over-Ear Headphones
1259,1081,Sleek Smartwatch with Vibrant Display
1260,1083,Samsung Galaxy Tab S8 Plus Grey
1261,1097,Women Handbag Black
1261,1097,Black Sun Glasses
1261,1097,Party Glasses
1261,1097,Sunglasses
1262,1058,Essence Mascara Lash Princess
1262,1058,Eyeshadow Palette with Mirror
1262,1058,Red Lipstick
1262,1058,Red Nail Polish
1263,1088,Realme XT
1263,1088,Vivo V9
1264,1010,Vivo S1
1264,1010,Kiwi
1265,1087,iPhone 13 Pro
1265,1087,Samsung Galaxy S7
1266,1051,Men Check Shirt
1267,1038,Black Women's Gown
1267,1038,Kiwi
1268,1027,Watch Gold for Women
1268,1027,Black Women's Gown
1268,1027,IWC Ingenieur Automatic Steel
1269,1019,Tropical Earring
1269,1019,Elegant Golden-Base Stone Top Dining Table
1269,1019,Green Oval Earring
1270,1007,Essence Mascara Lash Princess
1270,1007,Eyeshadow Palette with Mirror
1271,1064,Apple MacBook Pro 14 Inch Space Grey
1271,1064,Classic Comfort Fit Joggers
1272,1061,Samsung Galaxy Tab S8 Plus Grey
1273,1087,Black Sun Glasses
1273,1087,Samsung Galaxy S10
1274,1099,Sleek All-Terrain Go-Kart
1275,1040,Attitude Super Leaves Hand Soap
1276,1015,Samsung Galaxy S8
1276,1015,Classic Black Hooded Sweatshirt
1276,1015,Prada Women Bag
1277,1074,American Football
1277,1074,Decoration Swing
1277,1074,Green Bell Pepper
1278,1079,Huawei Matebook X Pro
1278,1079,Lenovo Yoga 920
1278,1079,New DELL XPS 13 9300 Laptop
1278,1079,Asus Zenbook Pro Dual Screen Laptop
1279,1077,Sleek Olive Green Hardshell Carry-On Luggage
1279,1077,Green Crystal Earring
1280,1098,Selfie Stick Monopod
1281,1083,Eyeshadow Palette with Mirror
1281,1083,Red Lipstick
1282,1002,Radiant Citrus Eau de Parfum
1282,1002,Sleek Olive Green Hardshell Carry-On Luggage
1282,1002,Chic Transparent Fashion Handbag
1282,1002,Trendy Pink-Tinted Sunglasses
1282,1002,Eggs
1283,1088,Slotted Turner
1283,1088,Egg Slicer
1284,1075,Black Women's Gown
1284,1075,Volleyball
1284,1075,Classic Blue Suede Casual Shoes
1285,1070,Cucumber
1286,1010,Apple Airpods
1286,1010,Classic Grey Hooded Sweatshirt
1286,1010,Dog Food
1287,1025,Lenovo Yoga 920
1287,1025,Sports Sneakers Off White Red
1288,1001,Realme C35
1288,1001,Annibale Colombo Sofa
1288,1001,Wooden Bathroom Sink With Mirror
1289,1038,Women's Wrist Watch
1289,1038,IWC Ingenieur Automatic Steel
1289,1038,Rolex Datejust Women
1290,1033,Glass
1290,1033,Sleek Mirror Finish Phone Case
1290,1033,Sleek White & Orange Wireless Gaming Controller
1291,1071,Samsung Galaxy S10
1292,1055,Nescafe Coffee
1293,1085,Black & Brown Slipper
1293,1085,Red Shoes
1294,1022,Samsung Galaxy Tab S8 Plus Grey
1294,1022,Samsung Galaxy Tab White
1294,1022,Classic Comfort Fit Joggers
1294,1022,iPad Mini 2021 Starlight
1295,1094,Tropical Earring
1295,1094,Green Crystal Earring
1295,1094,Green Oval Earring
1296,1032,Black & Brown Slipper
1296,1032,Calvin Klein Heel Shoes
1296,1032,Red Shoes
1297,1012,Tissue Paper Box
1297,1012,Water
1297,1012,Nescafe Coffee
1297,1012,Red Onions
1298,1100,Realme C35
1298,1100,Apple Watch Series 4 Gold
1299,1088,Realme XT
1299,1088,iPhone 13 Pro
1299,1088,Oppo F19 Pro Plus
1299,1088,Vivo V9
1300,1088,Essence Mascara Lash Princess
1300,1088,Eyeshadow Palette with Mirror
1300,1088,Powder Canister
1300,1088,Red Lipstick
1300,1088,Cooking Oil
1301,1063,Baseball Glove
1302,1064,Vibrant Pink Classic Sneakers
1302,1064,Futuristic Holographic Soccer Cleats
1302,1064,Classic Black Hooded Sweatshirt
1303,1091,Iron Golf
1303,1091,Vivo V9
1304,1067,Corset Leather With Skirt
1304,1067,Blue & Black Check Shirt
1305,1030,Elegant Solid Wood Dining Table
1306,1058,Fish Steak
1306,1058,Decoration Swing
1306,1058,House Showpiece Plant
1306,1058,Plant Pot
1307,1080,Family Tree Photo Frame
1307,1080,House Showpiece Plant
1307,1080,Plant Pot
1307,1080,Table Lamp
1308,1093,Calvin Klein Heel Shoes
1309,1067,Short Frock
1309,1067,Egg Slicer
1310,1031,Strawberry
1310,1031,Attitude Super Leaves Hand Soap
1311,1054,Wooden Rolling Pin
1311,1054,Apple Airpower Wireless Charger
1312,1040,TV Studio Camera Pedestal
1312,1040,Apple Airpods
1313,1024,Sleek Olive Green Hardshell Carry-On Luggage
1313,1024,Blue & Black Check Shirt
1314,1082,Strawberry
1314,1082,Red Nail Polish
1315,1066,Boxed Blender
1315,1066,Wooden Rolling Pin
1315,1066,Kitchen Sieve
1316,1035,Modern Ergonomic Office Chair
1316,1035,Red Shoes
1317,1034,Women Handbag Black
1317,1034,Sleek Wireless Headphone & Inked Earbud Set
1317,1034,Heshe Women's Leather Bag
1317,1034,White Faux Leather Backpack
1318,1094,Black & Brown Slipper
1319,1037,Elegant Solid Wood Dining Table
1320,1065,Slotted Turner
1320,1065,Tray
1321,1069,Mug Tree Stand
1321,1069,Wooden Rolling Pin
1321,1069,Red Tongs
1322,1049,Wooden Rolling Pin
1322,1049,iPad Mini 2021 Starlight
1323,1055,Apple
1323,1055,Elegant Golden-Base Stone Top Dining Table
1324,1010,Elegant Patent Leather Peep-Toe Pumps with Gold-Tone Heel
1324,1010,Rainbow Glitter High Heels
1325,1092,Apple iPhone Charger
1325,1092,Family Tree Photo Frame
1326,1010,Rolex Cellini Moonphase
1326,1010,Knoll Saarinen Executive Conference Chair
1326,1010,Cricket Bat
1327,1067,Vibrant Pink Classic Sneakers
1327,1067,Bedside Table African Cherry
1328,1027,Metal Baseball Bat
1329,1003,Sleek Olive Green Hardshell Carry-On Luggage
1329,1003,Durango SXT RWD
1330,1036,Dodge Hornet GT Plus
1330,1036,Calvin Klein Heel Shoes
1330,1036,Tartan Dress
1331,1021,Man Plaid Shirt
1332,1023,Blue Frock
1332,1023,Girl Summer Dress
1333,1008,Vibrant Pink Classic Sneakers
1333,1008,Elegant Patent Leather Peep-Toe Pumps with Gold-Tone Heel
1333,1008,Elegant Purple Leather Loafers
1333,1008,Classic Blue Suede Casual Shoes
1334,1003,Sleek Smartwatch with Vibrant Display
1334,1003,title-2a140921-f960-4035-8f8f-e5e70787848d
1335,1094,Vibrant Pink Classic Sneakers
1335,1094,Futuristic Silver and Gold High-Top Sneaker
1335,1094,Elegant Patent Leather Peep-Toe Pumps with Gold-Tone Heel
1335,1094,Classic Blue Suede Casual Shoes
1335,1094,Green Crystal Earring
1336,1083,Spoon
1336,1083,Blue Women's Handbag
1336,1083,Annibale Colombo Sofa
1337,1051,Nescafe Coffee
1337,1051,Eyeshadow Palette with Mirror
1337,1051,Sports Sneakers Off White Red
1338,1066,iPhone 6
1338,1066,Calvin Klein CK One
1339,1082,Corset Leather With Skirt
1339,1082,Corset With Black Skirt
1339,1082,Dress Pea
1340,1063,Watch Gold for Women
1340,1063,Women's Wrist Watch
1340,1063,Classic White Tee - Timeless Style and Comfort
1340,1063,IWC Ingenieur Automatic Steel
1340,1063,Rolex Datejust Women
1341,1054,Elegant Patent Leather Peep-Toe Pumps with Gold-Tone Heel
1341,1054,Futuristic Holographic Soccer Cleats
1341,1054,Chic Summer Denim Espadrille Sandals
1341,1054,Vibrant Runners: Bold Orange & Blue Sneakers
1342,1032,Blue Frock
1343,1040,Rolex Cellini Moonphase
1343,1040,Rolex Cellini Date Black Dial
1344,1007,Family Tree Photo Frame
1344,1007,House Showpiece Plant
1344,1007,Plant Pot
1344,1007,Table Lamp
1345,1007,Oppo K1
1346,1071,Rolex Datejust
1346,1071,Brown Leather Belt Watch
1347,1037,Charger SXT RWD
1347,1037,300 Touring
1348,1026,Beef Steak
1348,1026,Realme XT
1349,1012,Vibrant Pink Classic Sneakers
1349,1012,Futuristic Silver and Gold High-Top Sneaker
1349,1012,Rainbow Glitter High Heels
1350,1008,Dior J'adore
1350,1008,Gucci Bloom Eau de
1350,1008,Chanel Coco Noir Eau De
1351,1044,Vibrant Pink Classic Sneakers
1351,1044,Blue & Black Check Shirt
1351,1044,Man Plaid Shirt
1351,1044,Man Short Sleeve Shirt
1351,1044,Men Check Shirt
1352,1017,Sleek Mirror Finish Phone Case
1353,1077,Black & Brown Slipper
1353,1077,Golden Shoes Woman
1353,1077,Pampi Shoes
1353,1077,Red Shoes
1354,1092,Blue & Black Check Shirt
1354,1092,Man Plaid Shirt
1354,1092,Man Short Sleeve Shirt
1355,1030,Apple Watch Series 4 Gold
1356,1043,Man Plaid Shirt
1357,1048,Classic White Tee - Timeless Style and Comfort
1357,1048,Cat Food
1358,1035,Green and Black Glasses
1358,1035,Sunglasses
1359,1027,Decoration Swing
1359,1027,Family Tree Photo Frame
1359,1027,Plant Pot
1359,1027,Table Lamp
1360,1043,Modern Ergonomic Office Chair
1360,1043,Annibale Colombo Sofa
1360,1043,Bedside Table African Cherry
1361,1062,Realme X
1361,1062,Sleek Futuristic Electric Bicycle
1361,1062,Classic Comfort Fit Joggers
1362,1022,iPhone 6
1362,1022,Samsung Galaxy S10
1363,1081,Classic Black T-Shirt
1363,1081,Longines Master Collection
1363,1081,Cricket Bat
1364,1067,Vibrant Pink Classic Sneakers
1365,1100,Corset Leather With Skirt
1365,1100,Futuristic Holographic Soccer Cleats
1365,1100,Rainbow Glitter High Heels
1366,1089,Samsung Galaxy Tab S8 Plus Grey
1366,1089,Samsung Galaxy Tab White
1366,1089,iPhone 5s
1366,1089,iPad Mini 2021 Starlight
1367,1099,Essence Mascara Lash Princess
1367,1099,Powder Canister
1367,1099,Red Lipstick
1367,1099,Red Nail Polish
1367,1099,Glass
1368,1054,Black Sun Glasses
1368,1054,Green and Black Glasses
1368,1054,Sunglasses
1369,1030,Dolce Shine Eau de
1370,1064,Amazon Echo Plus
1370,1064,Selfie Lamp with iPhone
1371,1046,Tropical Earring
1371,1046,Green Crystal Earring
1371,1046,Green Oval Earring
1372,1077,Wooden Bathroom Sink With Mirror
1372,1077,Soft Drinks
1373,1060,Women Handbag Black
1373,1060,Modern Elegance Teal Armchair
1374,1019,Corset Leather With Skirt
1374,1019,Dress Pea
1374,1019,Marni Red & Black Suit
1375,1077,Knife
1375,1077,Black Aluminium Cup
1375,1077,Black Whisk
1375,1077,Elegant Purple Leather Loafers
1376,1006,Charger SXT RWD
1376,1006,300 Touring
1377,1086,Sleek Comfort-Fit Over-Ear Headphones
1377,1086,Table Lamp
1378,1074,Women Handbag Black
1378,1074,Blue Women's Handbag
1378,1074,Prada Women Bag
1378,1074,White Faux Leather Backpack
1379,1047,Samsung Galaxy Tab White
1380,1042,Green and Black Glasses
1380,1042,Sunglasses
1381,1001,Microwave Oven
1381,1001,Carbon Steel Wok
1382,1048,Women's Wrist Watch
1382,1048,Gray Dress
1382,1048,IWC Ingenieur Automatic Steel
1383,1069,Samsung Galaxy Tab S8 Plus Grey
1383,1069,Samsung Galaxy Tab White
1383,1069,iPad Mini 2021 Starlight
1384,1007,Hand Blender
1384,1007,Prada Women Bag
1384,1007,White Faux Leather Backpack
1385,1100,Apple MagSafe Battery Pack
1385,1100,Tray
1385,1100,Black Whisk
1385,1100,Glass
1385,1100,Grater Black
1386,1092,Sports Sneakers Off White & Red
1387,1059,Classic Sun Glasses
1387,1059,Attitude Super Leaves Hand Soap
1388,1084,Modern Minimalist Workstation Setup
1388,1084,Modern Ergonomic Office Chair
1388,1084,Bedside Table African Cherry
1389,1019,Strawberry
1389,1019,Classic Sun Glasses
1389,1019,Yellow Peeler
1390,1043,Corset Leather With Skirt
1390,1043,Corset With Black Skirt
1390,1043,Dress Pea
1390,1043,Marni Red & Black Suit
1390,1043,Citrus Squeezer Yellow
1391,1071,Beats Flex Wireless Earphones
1391,1071,Carbon Steel Wok
1392,1033,Tropical Earring
1392,1033,Green Oval Earring
1393,1095,Bamboo Spatula
1393,1095,iPhone 12 Silicone Case with MagSafe Plum
1394,1044,Classic White Tee - Timeless Style and Comfort
1395,1076,Sleek White & Orange Wireless Gaming Controller
1395,1076,Classic Blue Suede Casual Shoes
1395,1076,Rolex Cellini Date Black Dial
1396,1056,Corset Leather With Skirt
1396,1056,Corset With Black Skirt
1396,1056,Dress Pea
1396,1056,Marni Red & Black Suit
1397,1085,Samsung Galaxy Tab White
1397,1085,iPad Mini 2021 Starlight
1398,1097,Fish Steak
1398,1097,Blue Frock
1398,1097,Blue Women's Handbag
1399,1067,Chic Transparent Fashion Handbag
1399,1067,Green and Black Glasses
1400,1098,Apple iPhone Charger
1400,1098,Classic Heather Gray Hoodie
1400,1098,Basketball Rim
1401,1030,Watch Gold for Women
1401,1030,Black & Brown Slipper
1402,1079,Powder Canister
1402,1079,Decoration Swing
1402,1079,Girl Summer Dress
1403,1039,Amazon Echo Plus
1403,1039,Apple AirPods Max Silver
1403,1039,Apple Airpower Wireless Charger
1403,1039,Apple Watch Series 4 Gold
1403,1039,Calvin Klein Heel Shoes
1404,1001,iPhone X
1405,1049,Attitude Super Leaves Hand Soap
1405,1049,Olay Ultra Moisture Shea Butter Body Wash
1406,1046,Puma Future Rider Trainers
1407,1050,Fine Mesh Strainer
1408,1019,Tennis Racket
1408,1019,American Football
1409,1052,Sleek Modern Laptop with Ambient Lighting
1409,1052,title-2a140921-f960-4035-8f8f-e5e70787848d
1409,1052,Sleek Comfort-Fit Over-Ear Headphones
1410,1074,Sleek Wireless Headphone & Inked Earbud Set
1410,1074,MotoGP CI.H1
1410,1074,Green and Black Glasses
1411,1006,Realme X
1411,1006,Fork
1411,1006,Kiwi
1412,1080,Green Crystal Earring
1413,1043,Samsung Galaxy Tab S8 Plus Grey
1413,1043,Samsung Galaxy Tab White
1413,1043,iPad Mini 2021 Starlight
1414,1072,Beats Flex Wireless Earphones
1414,1072,Bedside Table African Cherry
1414,1072,Mid-Century Modern Wooden Dining Table
1414,1072,Elegant Golden-Base Stone Top Dining Table
1415,1066,Black & Brown Slipper
1416,1020,Tissue Paper Box
1417,1027,Classic Red Pullover Hoodie
1417,1027,Knoll Saarinen Executive Conference Chair
1418,1010,Blue & Black Check Shirt
1418,1010,Gigabyte Aorus Men Tshirt
1418,1010,Man Plaid Shirt
1418,1010,Men Check Shirt
1419,1088,Selfie Stick Monopod
1420,1072,Classic Red Baseball Cap
1421,1063,Decoration Swing
1422,1080,Classic Red Jogger Sweatpants
1422,1080,Cat Food
1422,1080,Kiwi
1423,1042,Corset With Black Skirt
1423,1042,Dress Pea
1424,1066,Sleek Modern Laptop with Ambient Lighting
1424,1066,Sleek Mirror Finish Phone Case
1424,1066,Sleek Comfort-Fit Over-Ear Headphones
1425,1089,Elegant Patent Leather Peep-Toe Pumps with Gold-Tone Heel
1426,1093,Tennis Ball
1426,1093,Cricket Wicket
1426,1093,Cricket Bat
1427,1087,Sleek Modern Leather Sofa
1427,1087,Bedside Table African Cherry
1427,1087,Knoll Saarinen Executive Conference Chair
1428,1017,Samsung Galaxy Tab White
1428,1017,Majestic Mountain Graphic T-Shirt
1429,1035,Futuristic Silver and Gold High-Top Sneaker
1429,1035,Futuristic Chic High-Heel Boots
1429,1035,Classic Blue Suede Casual Shoes
1429,1035,Chic Summer Denim Espadrille Sandals
1430,1036,Vivo V9
1431,1054,Watch Gold for Women
1431,1054,Women's Wrist Watch
1431,1054,Rolex Datejust Women
1432,1049,House Showpiece Plant
1432,1049,Table Lamp
1433,1074,Sleek Comfort-Fit Over-Ear Headphones
1434,1062,Classic Black Baseball Cap
1435,1093,Cricket Bat
1436,1045,Samsung Galaxy Tab S8 Plus Grey
1437,1088,Rice
1437,1088,Cricket Ball
1438,1053,Watch Gold for Women
1438,1053,Red Nail Polish
1438,1053,Egg Slicer
1439,1044,Radiant Citrus Eau de Parfum
1439,1044,Elegant Glass Tumbler Set
1439,1044,Sleek All-Terrain Go-Kart
1440,1012,Selfie Lamp with iPhone
1441,1067,Sleek Modern Laptop with Ambient Lighting
1441,1067,Sleek Comfort-Fit Over-Ear Headphones
1441,1067,Sleek Wireless Computer Mouse
1442,1033,Lenovo Yoga 920
1442,1033,New DELL XPS 13 9300 Laptop
1442,1033,Apple MacBook Pro 14 Inch Space Grey
1442,1033,Asus Zenbook Pro Dual Screen Laptop
1443,1038,Rolex Submariner Watch
1443,1038,Brown Leather Belt Watch
1443,1038,Longines Master Collection
1444,1040,Green and Black Glasses
1444,1040,Party Glasses
1445,1068,Black Women's Gown
1445,1068,Corset With Black Skirt
1445,1068,Marni Red & Black Suit
1446,1020,Generic Motorcycle
1446,1020,Kawasaki Z800
1447,1036,Watch Gold for Women
1447,1036,Women's Wrist Watch
1447,1036,IWC Ingenieur Automatic Steel
1447,1036,Rolex Datejust Women
1448,1061,Black Sun Glasses
1448,1061,Classic Sun Glasses
1448,1061,Green and Black Glasses
1448,1061,Party Glasses
1449,1085,Red Onions
1450,1070,Sleek Modern Laptop with Ambient Lighting
1450,1070,Sleek Mirror Finish Phone Case
1450,1070,Sleek Wireless Computer Mouse
1451,1046,Samsung Galaxy Tab White
1451,1046,iPad Mini 2021 Starlight
1452,1095,Classic Sun Glasses
1452,1095,Green and Black Glasses
1452,1095,Party Glasses
1453,1083,Vivo V9
1454,1096,Lenovo Yoga 920
1454,1096,Girl Summer Dress
1454,1096,Gray Dress
1454,1096,Short Frock
1455,1076,Beats Flex Wireless Earphones
1455,1076,Scooter Motorcycle
1455,1076,Rolex Cellini Date Black Dial
1456,1082,Huawei Matebook X Pro
1456,1082,Asus Zenbook Pro Dual Screen Laptop
1457,1058,Apple Watch Series 4 Gold
1458,1100,Apple Watch Series 4 Gold
1459,1092,Elegant Solid Wood Dining Table
1459,1092,Water
1459,1092,IWC Ingenieur Automatic Steel
1460,1047,Green Bell Pepper
1460,1047,Plate
1460,1047,Oppo A57
1461,1004,Silver Pot With Glass Cap
1462,1043,Fork
1462,1043,Yellow Peeler
1462,1043,Citrus Squeezer Yellow
1463,1078,Brown Leather Belt Watch
1464,1100,Green and Black Glasses
1464,1100,Men Check Shirt
1465,1045,Futuristic Chic High-Heel Boots
1465,1045,Baseball Glove
1465,1045,Classic Blue Suede Casual Shoes
1466,1085,Knoll Saarinen Executive Conference Chair
1467,1037,Calvin Klein Heel Shoes
1467,1037,Red Shoes
1468,1038,Longines Master Collection
1469,1081,Vaseline Men Body and Face Lotion
1469,1081,Attitude Super Leaves Hand Soap
1469,1081,Olay Ultra Moisture Shea Butter Body Wash
1470,1038,Radiant Citrus Eau de Parfum
1470,1038,Elegant Glass Tumbler Set
1470,1038,Sleek Futuristic Electric Bicycle
1470,1038,Sleek All-Terrain Go-Kart
1471,1091,Classic Sun Glasses
1471,1091,Party Glasses
1472,1090,Milk
1472,1090,Blue Women's Handbag
1473,1100,Vaseline Men Body and Face Lotion
1473,1100,Attitude Super Leaves Hand Soap
1473,1100,Olay Ultra Moisture Shea Butter Body Wash
1474,1076,Chic Summer Denim Espadrille Sandals
1475,1002,TV Studio Camera Pedestal
1475,1002,Apple iPhone Charger
1475,1002,Pan
1475,1002,Apple HomePod Mini Cosmic Grey
1476,1008,Lenovo Yoga 920
1476,1008,New DELL XPS 13 9300 Laptop
1477,1038,Tropical Earring
1478,1022,Volleyball
1478,1022,Gucci Bloom Eau de
1479,1072,Sleek Comfort-Fit Over-Ear Headphones
1479,1072,Stylish Red & Silver Over-Ear Headphones
1479,1072,Sleek Smartwatch with Vibrant Display
1479,1072,title-2a140921-f960-4035-8f8f-e5e70787848d
1480,1068,Powder Canister
1480,1068,IWC Ingenieur Automatic Steel
1480,1068,Rolex Datejust Women
1481,1037,Lunch Box
1481,1037,Apple MagSafe Battery Pack
1481,1037,iPhone 12 Silicone Case with MagSafe Plum
1481,1037,Apple AirPods Max Silver
1482,1081,Brown Leather Belt Watch
1483,1037,Milk
1483,1037,Blue & Black Check Shirt
1483,1037,Gigabyte Aorus Men Tshirt
1483,1037,Man Plaid Shirt
1483,1037,Man Short Sleeve Shirt
1484,1042,Dodge Hornet GT Plus
1484,1042,Classic Heather Gray Hoodie
1484,1042,Oppo K1
1485,1068,Rolex Datejust
1485,1068,Rolex Submariner Watch
1486,1036,Futuristic Chic High-Heel Boots
1486,1036,Sleek Futuristic Electric Bicycle
1487,1067,Apple Airpods
1487,1067,Selfie Lamp with iPhone
1487,1067,Apple HomePod Mini Cosmic Grey
1488,1049,Vibrant Runners: Bold Orange & Blue Sneakers
1488,1049,Vibrant Pink Classic Sneakers
1488,1049,Futuristic Chic High-Heel Boots
1488,1049,Gucci Bloom Eau de
1488,1049,Elegant Purple Leather Loafers
1489,1020,Golden Shoes Woman
1489,1020,Sleek Modern Leather Sofa
1490,1018,Baseball Glove
1491,1065,Calvin Klein Heel Shoes
1491,1065,Golden Shoes Woman
1491,1065,Pampi Shoes
1491,1065,Red Shoes
1492,1027,Carbon Steel Wok
1493,1046,Dior J'adore
1493,1046,Gucci Bloom Eau de
1493,1046,Chanel Coco Noir Eau De
1494,1021,Essence Mascara Lash Princess
1494,1021,Powder Canister
1495,1021,Black & Brown Slipper
1495,1021,Red Shoes
1496,1100,Lunch Box
1496,1100,Tray
1496,1100,Mug Tree Stand
1497,1054,title-2a140921-f960-4035-8f8f-e5e70787848d
1498,1093,Eyeshadow Palette with Mirror
1498,1093,Red Lipstick
1499,1038,Annibale Colombo Sofa
1499,1038,Wooden Bathroom Sink With Mirror
1499,1038,Elegant Golden-Base Stone Top Dining Table
1500,1098,Baseball Ball
1500,1098,Silver Pot With Glass Cap
1501,1004,Realme X
1501,1004,iPhone 6
1501,1004,Samsung Galaxy S7
1501,1004,Oppo A57
1502,1033,Apple MagSafe Battery Pack
1502,1033,Amazon Echo Plus
1502,1033,Apple Airpods
1502,1033,Monopod
1503,1098,Futuristic Chic High-Heel Boots
1503,1098,Rainbow Glitter High Heels
1503,1098,Chic Summer Denim Espadrille Sandals
1504,1097,Kawasaki Z800
1504,1097,Scooter Motorcycle
1504,1097,Sportbike Motorcycle
1504,1097,Short Frock
1505,1059,Fine Mesh Strainer
1505,1059,Carbon Steel Wok
1505,1059,Apple MacBook Pro 14 Inch Space Grey
1506,1028,Huawei Matebook X Pro
1506,1028,New DELL XPS 13 9300 Laptop
1507,1085,Tennis Racket
1507,1085,Golden Shoes Woman
1507,1085,Metal Baseball Bat
1508,1030,Decoration Swing
1508,1030,Attitude Super Leaves Hand Soap
1508,1030,Sleek Wireless Computer Mouse
1509,1035,Sleek Modern Laptop for Professionals
1509,1035,title-2a140921-f960-4035-8f8f-e5e70787848d
1509,1035,Efficient 2-Slice Toaster
1510,1034,Vaseline Men Body and Face Lotion
1510,1034,Football
1510,1034,Attitude Super Leaves Hand Soap
1510,1034,Olay Ultra Moisture Shea Butter Body Wash
1511,1077,Women's Wrist Watch
1511,1077,Green Oval Earring
1511,1077,IWC Ingenieur Automatic Steel
1511,1077,Rolex Datejust Women
1512,1047,Sleek Modern Laptop for Professionals
1512,1047,Wooden Bathroom Sink With Mirror
1513,1088,Bamboo Spatula
1513,1088,Boxed Blender
1513,1088,Attitude Super Leaves Hand Soap
1513,1088,Kitchen Sieve
1514,1023,Sleek Smartwatch with Vibrant Display
1515,1044,Vaseline Men Body and Face Lotion
1515,1044,Attitude Super Leaves Hand Soap
1515,1044,Olay Ultra Moisture Shea Butter Body Wash
1516,1041,Annibale Colombo Sofa
1516,1041,Scooter Motorcycle
1516,1041,Red Nail Polish
1517,1039,Watch Gold for Women
1517,1039,IWC Ingenieur Automatic Steel
1517,1039,Table Lamp
1518,1071,Tropical Earring
1518,1071,Green Crystal Earring
1518,1071,Green Oval Earring
1519,1070,Futuristic Silver and Gold High-Top Sneaker
1519,1070,Classic Blue Suede Casual Shoes
1520,1087,Apple iPhone Charger
1520,1087,Classic Sun Glasses
1520,1087,Cricket Bat
1521,1071,Rolex Cellini Moonphase
1521,1071,Rolex Datejust
1521,1071,Rolex Submariner Watch
1521,1071,Brown Leather Belt Watch
1522,1085,Modern Minimalist Workstation Setup
1522,1085,Elegant Golden-Base Stone Top Dining Table
1522,1085,Wooden Bathroom Sink With Mirror
1523,1059,Elegant Solid Wood Dining Table
1523,1059,Knoll Saarinen Executive Conference Chair
1524,1024,TV Studio Camera Pedestal
1524,1024,Scooter Motorcycle
1525,1085,Sleek Modern Leather Sofa
1525,1085,Nescafe Coffee
1525,1085,Classic Grey Hooded Sweatshirt
1526,1027,Samsung Galaxy Tab S8 Plus Grey
1526,1027,Green Oval Earring
1527,1036,Feather Shuttlecock
1527,1036,Samsung Galaxy S7
1528,1095,Asus Zenbook Pro Dual Screen Laptop
1529,1014,Calvin Klein CK One
1530,1078,Cricket Wicket
1530,1078,Football
1530,1078,Cricket Bat
1531,1070,Radiant Citrus Eau de Parfum
1531,1070,Sleek Olive Green Hardshell Carry-On Luggage
1531,1070,Chic Transparent Fashion Handbag
1531,1070,Sleek All-Terrain Go-Kart
1532,1034,Red Lipstick
1533,1053,Classic White Crew Neck T-Shirt
1534,1001,Women Handbag Black
1535,1077,Kawasaki Z800
1535,1077,Scooter Motorcycle
1536,1077,Durango SXT RWD
1536,1077,Classic Black Baseball Cap
1536,1077,Efficient 2-Slice Toaster
1537,1025,Eyeshadow Palette with Mirror
1538,1013,Rolex Datejust
1538,1013,Generic Motorcycle
1539,1043,Chopping Board
1539,1043,Silver Pot With Glass Cap
1540,1077,Classic Black T-Shirt
1540,1077,Metal Baseball Bat
1541,1004,Samsung Galaxy Tab S8 Plus Grey
1541,1004,Samsung Galaxy Tab White
1541,1004,iPad Mini 2021 Starlight
1542,1087,Women's Wrist Watch
1542,1087,Rolex Datejust Women
1543,1083,Sleek Modern Leather Sofa
1544,1030,Vibrant Pink Classic Sneakers
1545,1022,Cricket Wicket
1545,1022,Potatoes
1546,1010,Pacifica Touring
1547,1069,Green and Black Glasses
1548,1022,Feather Shuttlecock
1548,1022,Golf Ball
1548,1022,Iron Golf
1548,1022,Cricket Ball
1549,1075,Microwave Oven
1549,1075,Corset With Black Skirt
1549,1075,Wooden Rolling Pin
1549,1075,Red Tongs
1550,1034,Tropical Earring
1551,1092,Huawei Matebook X Pro
1551,1092,New DELL XPS 13 9300 Laptop
1551,1092,Apple MacBook Pro 14 Inch Space Grey
1551,1092,Asus Zenbook Pro Dual Screen Laptop
1552,1035,Annibale Colombo Bed
1552,1035,Generic Motorcycle
1552,1035,Kawasaki Z800
1552,1035,Scooter Motorcycle
1552,1035,Sportbike Motorcycle
1553,1082,Generic Motorcycle
1553,1082,Kawasaki Z800
1553,1082,MotoGP CI.H1
1553,1082,Sportbike Motorcycle
1554,1045,Beef Steak
1555,1083,Feather Shuttlecock
1555,1083,Corset With Black Skirt
1556,1057,Puma Future Rider Trainers
1557,1071,Sleek Wireless Computer Mouse
1558,1044,Tennis Racket
1559,1056,House Showpiece Plant
1559,1056,Plant Pot
1559,1056,Table Lamp
1560,1011,Lenovo Yoga 920
1561,1057,Apple Watch Series 4 Gold
1561,1057,Annibale Colombo Bed
1561,1057,Apple AirPods Max Silver
1562,1045,Microwave Oven
1562,1045,Annibale Colombo Sofa
1563,1025,Girl Summer Dress
1563,1025,Short Frock
1563,1025,Tartan Dress
1564,1097,Baseball Ball
1564,1097,Golf Ball
1564,1097,Metal Baseball Bat
1565,1023,Samsung Galaxy Tab S8 Plus Grey
1565,1023,Samsung Galaxy Tab White
1565,1023,iPad Mini 2021 Starlight
1566,1014,Calvin Klein Heel Shoes
1566,1014,Prada Women Bag
1567,1067,Slotted Turner
1567,1067,Nike Baseball Cleats
1567,1067,Puma Future Rider Trainers
1567,1067,Sports Sneakers Off White & Red
1568,1058,Modern Ergonomic Office Chair
1568,1058,Blue & Black Check Shirt
1568,1058,Gigabyte Aorus Men Tshirt
1568,1058,Man Plaid Shirt
1568,1058,Men Check Shirt
1569,1004,Classic Comfort Drawstring Joggers
1569,1004,Short Frock
1570,1011,Apple Airpower Wireless Charger
1570,1011,Beats Flex Wireless Earphones
1570,1011,Monopod
1570,1011,Selfie Lamp with iPhone
1571,1007,Samsung Galaxy Tab S8 Plus Grey
1571,1007,Samsung Galaxy Tab White
1572,1095,Fish Steak
1572,1095,Tissue Paper Box
1572,1095,Water
1572,1095,Green Chili Pepper
1573,1052,Blue Women's Handbag
1574,1098,Realme XT
1575,1085,Apple MagSafe Battery Pack
1575,1085,Selfie Lamp with iPhone
1576,1023,Sleek Modern Laptop with Ambient Lighting
1576,1023,Kawasaki Z800
1576,1023,Sportbike Motorcycle
1577,1053,Women's Wrist Watch
1577,1053,Futuristic Chic High-Heel Boots
1577,1053,IWC Ingenieur Automatic Steel
1577,1053,Rolex Datejust Women
1578,1095,Calvin Klein CK One
1579,1090,Durango SXT RWD
1579,1090,Samsung Galaxy S10
1579,1090,Asus Zenbook Pro Dual Screen Laptop
1580,1028,Huawei Matebook X Pro
1581,1063,Volleyball
1582,1074,Black Women's Gown
1582,1074,Corset Leather With Skirt
1582,1074,Marni Red & Black Suit
1583,1011,Lunch Box
1583,1011,Yellow Peeler
1583,1011,Red Tongs
1584,1003,New DELL XPS 13 9300 Laptop
1585,1063,Annibale Colombo Bed
1585,1063,Mid-Century Modern Wooden Dining Table
1586,1096,Chic Transparent Fashion Handbag
1587,1021,Dodge Hornet GT Plus
1587,1021,Durango SXT RWD
1587,1021,Realme X
1588,1060,Fish Steak
1588,1060,American Football
1588,1060,Electric Stove
1589,1022,Mid-Century Modern Wooden Dining Table
1590,1046,Samsung Galaxy Tab S8 Plus Grey
1590,1046,iPad Mini 2021 Starlight
1591,1081,Classic White Crew Neck T-Shirt
1591,1081,Classic Black T-Shirt
1591,1081,Classic Blue Baseball Cap
1591,1081,Classic Grey Hooded Sweatshirt
1592,1028,Boxed Blender
1592,1028,Football
1592,1028,Oppo A57
1593,1029,Black Whisk
1593,1029,Elegant Patent Leather Peep-Toe Pumps with Gold-Tone Heel
1594,1071,Kitchen Sieve
1594,1071,Classic Black Hooded Sweatshirt
1594,1071,Classic High-Waisted Athletic Shorts
1595,1081,Lenovo Yoga 920
1596,1045,Sleek Modern Laptop for Professionals
1596,1045,Family Tree Photo Frame
1596,1045,House Showpiece Plant
1597,1074,Futuristic Holographic Soccer Cleats
1597,1074,Classic Blue Suede Casual Shoes
1598,1034,Tropical Earring
1598,1034,Radiant Citrus Eau de Parfum
1599,1069,Green Crystal Earring
1599,1069,Green Oval Earring
1600,1084,Lunch Box
1600,1084,Chopping Board
1601,1040,Lenovo Yoga 920
1602,1013,Oppo A57
1602,1013,Classic Red Baseball Cap
1602,1013,Sportbike Motorcycle
1603,1005,Blue Frock
1603,1005,Carbon Steel Wok
1603,1005,Tartan Dress
1604,1070,Sleek White & Orange Wireless Gaming Controller
1604,1070,Sleek Smartwatch with Vibrant Display
1605,1051,Fish Steak
1605,1051,Cat Food
1605,1051,Knoll Saarinen Executive Conference Chair
1606,1077,Girl Summer Dress
1606,1077,Gray Dress
1606,1077,Short Frock
1606,1077,Tartan Dress
1607,1077,Women's Wrist Watch
1607,1077,IWC Ingenieur Automatic Steel
1607,1077,Rolex Datejust Women
1608,1021,Rolex Datejust
1608,1021,iPhone 6
1609,1074,Women Handbag Black
1609,1074,Lunch Box
1609,1074,Eggs
1610,1091,Modern Elegance Teal Armchair
1610,1091,Stylish Red & Silver Over-Ear Headphones
1610,1091,Sleek Modern Leather Sofa
1611,1035,Knoll Saarinen Executive Conference Chair
1612,1057,Golden Shoes Woman
1613,1088,Classic Red Pullover Hoodie
1614,1065,Black & Brown Slipper
1614,1065,Calvin Klein Heel Shoes
1614,1065,Pampi Shoes
1614,1065,Classic Black T-Shirt
1615,1092,Blue & Black Check Shirt
1616,1052,Black Whisk
1617,1081,Rolex Cellini Moonphase
1617,1081,Realme C35
1617,1081,Rolex Submariner Watch
1617,1081,Brown Leather Belt Watch
1617,1081,Rolex Cellini Date Black Dial
1618,1097,Sleek Modern Laptop with Ambient Lighting
1618,1097,Classic Blue Suede Casual Shoes
1619,1044,Charger SXT RWD
1619,1044,Pacifica Touring
1619,1044,300 Touring
1620,1053,Metal Baseball Bat
1621,1087,Powder Canister
1621,1087,Red Nail Polish
1622,1050,Modern Elegance Teal Armchair
1622,1050,Elegant Solid Wood Dining Table
1622,1050,Bedside Table African Cherry
1622,1050,Knoll Saarinen Executive Conference Chair
1623,1092,Nike Baseball Cleats
1623,1092,Mug Tree Stand
1624,1061,Blue & Black Check Shirt
1624,1061,Red Shoes
1625,1020,Cricket Wicket
1625,1020,Blue & Black Check Shirt
1625,1020,Man Short Sleeve Shirt
1625,1020,Men Check Shirt
1626,1060,Monopod
1626,1060,Sleek White & Orange Wireless Gaming Controller
1626,1060,House Showpiece Plant
1627,1046,Nike Baseball Cleats
1627,1046,Realme XT
1627,1046,Knoll Saarinen Executive Conference Chair
1628,1067,Apple Watch Series 4 Gold
1629,1074,Red Onions
1629,1074,Plant Pot
1630,1079,Attitude Super Leaves Hand Soap
1630,1079,Olay Ultra Moisture Shea Butter Body Wash
1631,1078,Spice Rack
1631,1078,Rice
1632,1032,Puma Future Rider Trainers
1633,1053,Kitchen Sieve
1633,1053,Metal Baseball Bat
1633,1053,Sleek All-Terrain Go-Kart
1634,1090,Milk
1634,1090,Essence Mascara Lash Princess
1634,1090,Eyeshadow Palette with Mirror
1634,1090,Red Lipstick
1634,1090,Red Nail Polish
1635,1049,Cooking Oil
1635,1049,Dog Food
1636,1070,Futuristic Silver and Gold High-Top Sneaker
1636,1070,Futuristic Chic High-Heel Boots
1636,1070,Rainbow Glitter High Heels
1636,1070,Vibrant Runners: Bold Orange & Blue Sneakers
1637,1053,Girl Summer Dress
1638,1034,Apple iPhone Charger
1638,1034,Apple Watch Series 4 Gold
1638,1034,Selfie Lamp with iPhone
1638,1034,Selfie Stick Monopod
1638,1034,IWC Ingenieur Automatic Steel
1639,1094,Nike Baseball Cleats
1639,1094,Dress Pea
1640,1041,Charger SXT RWD
1640,1041,Dodge Hornet GT Plus
1640,1041,300 Touring
1641,1063,Dior J'adore
1641,1063,Scooter Motorcycle
1642,1037,Strawberry
1642,1037,Nescafe Coffee
1642,1037,Milk
1643,1085,Calvin Klein Heel Shoes
1644,1044,American Football
1644,1044,Sleek White & Orange Wireless Gaming Controller
1644,1044,Sleek Smartwatch with Vibrant Display
1644,1044,Sleek Mirror Finish Phone Case
1645,1086,Golden Shoes Woman
1646,1096,Watch Gold for Women
1646,1096,Sunglasses
1646,1096,Kiwi
1647,1038,Radiant Citrus Eau de Parfum
1647,1038,Sleek Olive Green Hardshell Carry-On Luggage
1647,1038,Sleek Futuristic Electric Bicycle
1647,1038,Sleek All-Terrain Go-Kart
1648,1050,Dress Pea
1648,1050,Basketball
1648,1050,Oppo A57
1649,1054,Samsung Galaxy Tab S8 Plus Grey
1649,1054,Samsung Galaxy Tab White
1649,1054,Volleyball
1650,1030,Green and Black Glasses
1651,1082,Charger SXT RWD
1651,1082,Dodge Hornet GT Plus
1651,1082,Pacifica Touring
1651,1082,300 Touring
1652,1086,Gigabyte Aorus Men Tshirt
1652,1086,Man Plaid Shirt
1653,1096,TV Studio Camera Pedestal
1653,1096,Classic Olive Chino Shorts
1654,1029,Blue Frock
1654,1029,Girl Summer Dress
1654,1029,Sunglasses
1655,1026,Annibale Colombo Sofa
1655,1026,Sleek Modern Leather Sofa
1656,1067,Man Plaid Shirt
1657,1030,Vaseline Men Body and Face Lotion
1657,1030,Attitude Super Leaves Hand Soap
1658,1055,Longines Master Collection
1659,1005,Vaseline Men Body and Face Lotion
1659,1005,Decoration Swing
1659,1005,Scooter Motorcycle
1660,1061,Blue Women's Handbag
1660,1061,White Faux Leather Backpack
1661,1039,Dodge Hornet GT Plus
1662,1019,Red Lipstick
1663,1011,Realme C35
1663,1011,Iron Golf
1664,1056,Vaseline Men Body and Face Lotion
1664,1056,Attitude Super Leaves Hand Soap
1665,1073,Blue Frock
1665,1073,Girl Summer Dress
1665,1073,Gray Dress
1665,1073,Tartan Dress
1666,1018,Metal Baseball Bat
1666,1018,iPhone 12 Silicone Case with MagSafe Plum
1666,1018,Dog Food
1667,1036,Vivo X21
1667,1036,Samsung Galaxy S8
1668,1059,Classic Olive Chino Shorts
1669,1053,Kawasaki Z800
1669,1053,Classic Comfort Fit Joggers
1670,1011,Watch Gold for Women
1671,1074,Vaseline Men Body and Face Lotion
1671,1074,Olay Ultra Moisture Shea Butter Body Wash
1672,1056,Watch Gold for Women
1672,1056,Women's Wrist Watch
1672,1056,IWC Ingenieur Automatic Steel
1672,1056,Rolex Datejust Women
1673,1080,Beats Flex Wireless Earphones
1673,1080,iPhone 12 Silicone Case with MagSafe Plum
1673,1080,Apple AirPods Max Silver
1674,1016,Vaseline Men Body and Face Lotion
1674,1016,Elegant Golden-Base Stone Top Dining Table
1675,1091,Huawei Matebook X Pro
1675,1091,Rainbow Glitter High Heels
1675,1091,Apple HomePod Mini Cosmic Grey
1676,1062,Apple iPhone Charger
1676,1062,Amazon Echo Plus
1676,1062,Beats Flex Wireless Earphones
1676,1062,Apple Airpower Wireless Charger
1677,1065,Sleek Comfort-Fit Over-Ear Headphones
1677,1065,Tennis Ball
1678,1056,Apple MagSafe Battery Pack
1678,1056,Apple Airpower Wireless Charger
1679,1009,Charger SXT RWD
1679,1009,Dodge Hornet GT Plus
1679,1009,Classic Red Pullover Hoodie
1680,1081,IWC Ingenieur Automatic Steel
1680,1081,Olay Ultra Moisture Shea Butter Body Wash
1681,1020,Gucci Bloom Eau de
1682,1051,Women Handbag Black
1682,1051,Classic Black Baseball Cap
1682,1051,Table Lamp
1683,1067,Women's Wrist Watch
1683,1067,Rolex Datejust Women
1684,1057,Black Whisk
1685,1036,Sports Sneakers Off White & Red
1686,1040,Tray
1686,1040,Grater Black
1686,1040,Red Tongs
1687,1068,Black Women's Gown
1687,1068,Corset Leather With Skirt
1687,1068,Corset With Black Skirt
1687,1068,Dress Pea
1688,1087,Blue & Black Check Shirt
1688,1087,Gigabyte Aorus Men Tshirt
1688,1087,Man Plaid Shirt
1688,1087,Men Check Shirt
1689,1072,Vaseline Men Body and Face Lotion
1689,1072,Futuristic Silver and Gold High-Top Sneaker
1689,1072,Attitude Super Leaves Hand Soap
1689,1072,Olay Ultra Moisture Shea Butter Body Wash
1690,1008,Family Tree Photo Frame
1690,1008,Wooden Bathroom Sink With Mirror
1691,1036,Cat Food
1691,1036,Golf Ball
1692,1020,Boxed Blender
1693,1024,Volleyball
1693,1024,Feather Shuttlecock
1693,1024,Cricket Ball
1694,1079,Rice
1695,1042,Slotted Turner
1695,1042,title-2a140921-f960-4035-8f8f-e5e70787848d
1695,1042,Samsung Galaxy Tab S8 Plus Grey
1696,1047,iPad Mini 2021 Starlight
1697,1018,Chicken Meat
1698,1006,Baseball Ball
1698,1006,Wooden Bathroom Sink With Mirror
1699,1084,Generic Motorcycle
1699,1084,Kawasaki Z800
1699,1084,Red Lipstick
1700,1021,Golden Shoes Woman
1701,1052,Feather Shuttlecock
1701,1052,Football
1701,1052,Baseball Ball
1701,1052,Tennis Ball
1702,1078,Modern Elegance Teal Armchair
1702,1078,Elegant Solid Wood Dining Table
1702,1078,Bedside Table African Cherry
1703,1075,Annibale Colombo Bed
1703,1075,White Faux Leather Backpack
1704,1032,Samsung Galaxy Tab S8 Plus Grey
1705,1082,Sleek Comfort-Fit Over-Ear Headphones
1706,1096,Classic Navy Blue Baseball Cap
1706,1096,Futuristic Holographic Soccer Cleats
1707,1085,Classic Navy Blue Baseball Cap
1707,1085,Selfie Lamp with iPhone
1708,1040,Man Plaid Shirt
1708,1040,Green Oval Earring
1709,1083,Realme XT
1709,1083,Samsung Galaxy S8
1709,1083,Vivo S1
1710,1083,Sleek Mirror Finish Phone Case
1710,1083,Man Plaid Shirt
1711,1087,Tartan Dress
1712,1007,Watch Gold for Women
1712,1007,Women's Wrist Watch
1712,1007,Rolex Datejust Women
1713,1047,Samsung Galaxy Tab S8 Plus Grey
1713,1047,Samsung Galaxy Tab White
1714,1062,Chic Transparent Fashion Handbag
1715,1053,Man Short Sleeve Shirt
1716,1056,Blue & Black Check Shirt
1717,1057,Vaseline Men Body and Face Lotion
1717,1057,Attitude Super Leaves Hand Soap
1717,1057,Olay Ultra Moisture Shea Butter Body Wash
1718,1053,Generic Motorcycle
1718,1053,Kawasaki Z800
1718,1053,MotoGP CI.H1
1718,1053,Scooter Motorcycle
1719,1015,Tissue Paper Box
1720,1053,Dodge Hornet GT Plus
1720,1053,300 Touring
1721,1095,Dolce Shine Eau de
1721,1095,Calvin Klein CK One
1722,1034,Sleek Olive Green Hardshell Carry-On Luggage
1722,1034,Chic Transparent Fashion Handbag
1722,1034,Trendy Pink-Tinted Sunglasses
1722,1034,Sleek All-Terrain Go-Kart
1723,1022,Soft Drinks
1723,1022,Cucumber
1723,1022,Lemon
1724,1012,TV Studio Camera Pedestal
1724,1012,Man Short Sleeve Shirt
1725,1023,Prada Women Bag
1726,1012,Apple Watch Series 4 Gold
1727,1046,Attitude Super Leaves Hand Soap
1727,1046,Vibrant Runners: Bold Orange & Blue Sneakers
1728,1020,Sleek Modern Laptop with Ambient Lighting
1729,1046,Sleek Modern Laptop for Professionals
1729,1046,Sleek Wireless Headphone & Inked Earbud Set
1729,1046,Black Aluminium Cup
1729,1046,Sleek Wireless Computer Mouse
1730,1036,Decoration Swing
1730,1036,Plant Pot
1731,1051,Women's Wrist Watch
1732,1084,Women Handbag Black
1732,1084,Prada Women Bag
1732,1084,White Faux Leather Backpack
1733,1003,Elegant Purple Leather Loafers
1734,1072,Powder Canister
1735,1005,Tropical Earring
1735,1005,Green Crystal Earring
1735,1005,Green Oval Earring
1736,1005,Electric Stove
1736,1005,Sleek White & Orange Wireless Gaming Controller
1737,1083,Golden Shoes Woman
1738,1015,Elegant Patent Leather Peep-Toe Pumps with Gold-Tone Heel
1739,1017,Brown Leather Belt Watch
1740,1039,Prada Women Bag
1741,1013,Annibale Colombo Sofa
1742,1087,Black Sun Glasses
1742,1087,Classic Sun Glasses
1742,1087,Green and Black Glasses
1742,1087,Sunglasses
1743,1015,American Football
1744,1071,Samsung Galaxy S10
1744,1071,Knoll Saarinen Executive Conference Chair
1745,1010,Mug Tree Stand
1745,1010,Plate
1745,1010,Monopod
1746,1045,Man Plaid Shirt
1747,1037,Brown Leather Belt Watch
1748,1080,Tropical Earring
1748,1080,Blue Frock
1748,1080,Girl Summer Dress
1748,1080,Tartan Dress
1749,1099,Vivo V9
1750,1052,Vaseline Men Body and Face Lotion
1751,1075,Rolex Datejust
1751,1075,Hand Blender
1751,1075,Eggs
1752,1066,Tennis Racket
1752,1066,Cricket Wicket
1752,1066,Volleyball
1752,1066,Tennis Ball
1753,1091,Dolce Shine Eau de
1753,1091,Gucci Bloom Eau de
1754,1065,Lunch Box
1754,1065,Chopping Board
1754,1065,Hand Blender
1755,1036,Short Frock
1756,1059,Tennis Racket
1756,1059,Futuristic Chic High-Heel Boots
1756,1059,Classic Comfort Fit Joggers
1757,1024,Samsung Galaxy Tab S8 Plus Grey
1758,1100,Blue & Black Check Shirt
1758,1100,Man Plaid Shirt
1758,1100,Man Short Sleeve Shirt
1758,1100,Men Check Shirt
1759,1096,Calvin Klein Heel Shoes
1760,1054,Blue Frock
1760,1054,Gray Dress
1760,1054,Short Frock
1760,1054,Tartan Dress
1761,1065,Annibale Colombo Bed
1761,1065,Sleek Modern Leather Sofa
1761,1065,Mid-Century Modern Wooden Dining Table
1761,1065,Elegant Golden-Base Stone Top Dining Table
1762,1095,Dodge Hornet GT Plus
1762,1095,Durango SXT RWD
1762,1095,Protein Powder
1763,1063,Samsung Galaxy Tab S8 Plus Grey
1763,1063,Samsung Galaxy Tab White
1763,1063,Cricket Ball
1763,1063,iPad Mini 2021 Starlight
1764,1001,Bamboo Spatula
1764,1001,Chicken Meat
1765,1061,Yellow Peeler
1765,1061,Citrus Squeezer Yellow
1765,1061,Electric Stove
1765,1061,Grater Black
1765,1061,Sleek Modern Leather Sofa
1766,1014,Realme C35
1766,1014,iPhone 13 Pro
1766,1014,Vivo X21
1767,1031,Green Crystal Earring
1768,1065,iPhone 5s
1768,1065,Green Bell Pepper
1769,1078,Elegant Solid Wood Dining Table
1769,1078,MotoGP CI.H1
1769,1078,Sleek Smartwatch with Vibrant Display
1770,1032,Realme XT
1770,1032,Corset With Black Skirt
1770,1032,Ice Cream
1771,1071,Classic Red Baseball Cap
1771,1071,Sleek Wireless Computer Mouse
1771,1071,Sleek Modern Laptop for Professionals
1771,1071,Stylish Red & Silver Over-Ear Headphones
1771,1071,Sleek Mirror Finish Phone Case
1772,1007,Tropical Earring
1772,1007,Green Crystal Earring
1773,1008,Efficient 2-Slice Toaster
1774,1009,Nescafe Coffee
1775,1072,Charger SXT RWD
1775,1072,Pacifica Touring
1775,1072,Eggs
1776,1057,Modern Elegance Teal Armchair
1776,1057,Modern Minimalist Workstation Setup
1776,1057,Modern Ergonomic Office Chair
1777,1004,Black & Brown Slipper
1777,1004,Blue & Black Check Shirt
1778,1034,Stylish Red & Silver Over-Ear Headphones
1779,1089,Blue Women's Handbag
1779,1089,Heshe Women's Leather Bag
1779,1089,Prada Women Bag
1779,1089,White Faux Leather Backpack
1779,1089,Sleek Mirror Finish Phone Case
1780,1076,Dolce Shine Eau de
1780,1076,Gucci Bloom Eau de
1780,1076,Calvin Klein CK One
1780,1076,Chanel Coco Noir Eau De
1781,1095,Blue & Black Check Shirt
1781,1095,Fork
1781,1095,Tray
1782,1065,Red Nail Polish
1783,1032,Decoration Swing
1783,1032,Family Tree Photo Frame
1783,1032,Plant Pot
1783,1032,Table Lamp
1784,1009,Realme XT
1784,1009,Man Plaid Shirt
1784,1009,Men Check Shirt
1785,1034,Stylish Red & Silver Over-Ear Headphones
1785,1034,Sleek Mirror Finish Phone Case
1786,1002,Dodge Hornet GT Plus
1786,1002,Durango SXT RWD
1787,1058,Dodge Hornet GT Plus
1787,1058,300 Touring
1788,1061,Apple Watch Series 4 Gold
1788,1061,Corset With Black Skirt
1789,1045,Watch Gold for Women
1789,1045,Women's Wrist Watch
1789,1045,IWC Ingenieur Automatic Steel
1789,1045,Rolex Datejust Women
1790,1067,Generic Motorcycle
1790,1067,Kawasaki Z800
1790,1067,Sportbike Motorcycle
1791,1092,Feather Shuttlecock
1791,1092,Iron Golf
1791,1092,Metal Baseball Bat
1791,1092,Tennis Ball
1792,1078,Apple iPhone Charger
1792,1078,iPhone 6
1793,1031,Dior J'adore
1793,1031,Dolce Shine Eau de
1793,1031,Gucci Bloom Eau de
1793,1031,Calvin Klein CK One
1794,1031,Apple
1795,1098,Red Nail Polish
1795,1098,Green Crystal Earring
1796,1045,TV Studio Camera Pedestal
1796,1045,Sleek Smartwatch with Vibrant Display
1796,1045,Efficient 2-Slice Toaster
1797,1071,Radiant Citrus Eau de Parfum
1797,1071,Sleek Olive Green Hardshell Carry-On Luggage
1797,1071,Chic Transparent Fashion Handbag
1797,1071,Sleek All-Terrain Go-Kart
1798,1047,Vibrant Pink Classic Sneakers
1798,1047,Elegant Solid Wood Dining Table
1798,1047,Oppo K1
1799,1044,White Faux Leather Backpack
1800,1094,Blue & Black Check Shirt
1800,1094,Classic Heather Gray Hoodie
1801,1092,American Football
1801,1092,Kitchen Sieve
1801,1092,Rolex Cellini Date Black Dial
1802,1054,Elegant Glass Tumbler Set
1802,1054,Blue Women's Handbag
1802,1054,Heshe Women's Leather Bag
1803,1061,Hand Blender
1804,1090,Samsung Galaxy Tab White
1804,1090,Modern Minimalist Workstation Setup
1804,1090,iPad Mini 2021 Starlight
1805,1074,Amazon Echo Plus
1805,1074,Apple Airpower Wireless Charger
1806,1026,Futuristic Silver and Gold High-Top Sneaker
1806,1026,Rainbow Glitter High Heels
1807,1008,Vaseline Men Body and Face Lotion
1807,1008,Attitude Super Leaves Hand Soap
1808,1075,Dodge Hornet GT Plus
1808,1075,Durango SXT RWD
1808,1075,Oppo F19 Pro Plus
1808,1075,300 Touring
1809,1020,Man Plaid Shirt
1810,1086,Eyeshadow Palette with Mirror
1810,1086,Men Check Shirt
1811,1030,Carbon Steel Wok
1811,1030,Yellow Peeler
1812,1010,Tray
1812,1010,Baseball Glove
1812,1010,title-2a140921-f960-4035-8f8f-e5e70787848d
1813,1014,Corset With Black Skirt
1813,1014,Dress Pea
1813,1014,Marni Red & Black Suit
1814,1010,Pampi Shoes
1814,1010,Kiwi
1815,1035,title-2a140921-f960-4035-8f8f-e5e70787848d
1816,1073,Black Sun Glasses
1816,1073,Classic Sun Glasses
1816,1073,Green and Black Glasses
1817,1003,Black & Brown Slipper
1817,1003,Calvin Klein Heel Shoes
1817,1003,Golden Shoes Woman
1817,1003,Red Shoes
1818,1032,Elegant Solid Wood Dining Table
1818,1032,Kawasaki Z800
1818,1032,Gucci Bloom Eau de
1819,1072,Huawei Matebook X Pro
1819,1072,New DELL XPS 13 9300 Laptop
1820,1064,Gucci Bloom Eau de
1820,1064,Nescafe Coffee
1820,1064,Selfie Stick Monopod
1821,1037,Nike Baseball Cleats
1821,1037,Puma Future Rider Trainers
1821,1037,Sports Sneakers Off White Red
1822,1073,IWC Ingenieur Automatic Steel
1823,1073,TV Studio Camera Pedestal
1824,1003,Huawei Matebook X Pro
1825,1073,Women Handbag Black
1825,1073,Sleek Wireless Headphone & Inked Earbud Set
1825,1073,Sleek Wireless Computer Mouse
1826,1093,Fine Mesh Strainer
1827,1018,Corset Leather With Skirt
1827,1018,Stylish Red & Silver Over-Ear Headphones
1827,1018,Sports Sneakers Off White Red
1828,1014,Green Crystal Earring
1828,1014,Green Oval Earring
1829,1069,Electric Stove
1829,1069,Apple MagSafe Battery Pack
1829,1069,Cricket Bat
1830,1098,Green and Black Glasses
1830,1098,Party Glasses
1831,1054,Kawasaki Z800
1831,1054,MotoGP CI.H1
1831,1054,Scooter Motorcycle
1831,1054,Sportbike Motorcycle
1831,1054,iPad Mini 2021 Starlight
1832,1092,Baseball Ball
1832,1092,Baseball Glove
1832,1092,Football
1833,1071,title-2a140921-f960-4035-8f8f-e5e70787848d
1834,1077,Spoon
1835,1018,Sleek Modern Laptop for Professionals
1835,1018,Sleek Mirror Finish Phone Case
1836,1078,Sleek Mirror Finish Phone Case
1837,1070,Table Lamp
1838,1068,Strawberry
1838,1068,Cat Food
1838,1068,Juice
1838,1068,Sunglasses
1839,1013,Samsung Galaxy Tab S8 Plus Grey
1839,1013,Samsung Galaxy Tab White
1839,1013,iPad Mini 2021 Starlight
1840,1047,Green Bell Pepper
1841,1078,Girl Summer Dress
1841,1078,Pan
1841,1078,Rainbow Glitter High Heels
1842,1005,Rolex Submariner Watch
1842,1005,Brown Leather Belt Watch
1843,1009,Decoration Swing
1843,1009,Family Tree Photo Frame
1843,1009,House Showpiece Plant
1844,1022,Boxed Blender
1845,1080,Pacifica Touring
1846,1015,Sleek Olive Green Hardshell Carry-On Luggage
1846,1015,Corset With Black Skirt
1846,1015,Plate
1847,1015,Ice Cream
1847,1015,Bedside Table African Cherry
1847,1015,Vibrant Runners: Bold Orange & Blue Sneakers
1848,1081,New DELL XPS 13 9300 Laptop
1848,1081,Apple MacBook Pro 14 Inch Space Grey
1848,1081,Asus Zenbook Pro Dual Screen Laptop
1849,1090,Stylish Red & Silver Over-Ear Headphones
1849,1090,Sleek Mirror Finish Phone Case
1849,1090,title-2a140921-f960-4035-8f8f-e5e70787848d
1850,1029,Sleek Modern Laptop with Ambient Lighting
1850,1029,Chic Summer Denim Espadrille Sandals
1851,1037,Cricket Wicket
1851,1037,Futuristic Holographic Soccer Cleats
1852,1047,Sleek Olive Green Hardshell Carry-On Luggage
1852,1047,Trendy Pink-Tinted Sunglasses
1852,1047,Sleek All-Terrain Go-Kart
1853,1009,Samsung Galaxy Tab White
1853,1009,Dolce Shine Eau de
1854,1062,Eyeshadow Palette with Mirror
1855,1067,Sleek Modern Laptop with Ambient Lighting
1855,1067,Sleek Wireless Headphone & Inked Earbud Set
1855,1067,Sleek Smartwatch with Vibrant Display
1855,1067,Sleek Comfort-Fit Over-Ear Headphones
1856,1056,Electric Stove
1856,1056,Trendy Pink-Tinted Sunglasses
1856,1056,Elegant Glass Tumbler Set
1856,1056,Sleek All-Terrain Go-Kart
1857,1002,Sleek White & Orange Wireless Gaming Controller
1858,1017,Sleek Modern Laptop with Ambient Lighting
1859,1093,Grater Black
1860,1040,Charger SXT RWD
1860,1040,Dodge Hornet GT Plus
1860,1040,Pacifica Touring
1861,1004,Vaseline Men Body and Face Lotion
1861,1004,title-2a140921-f960-4035-8f8f-e5e70787848d
1861,1004,Olay Ultra Moisture Shea Butter Body Wash
1862,1089,Black Women's Gown
1862,1089,Corset Leather With Skirt
1862,1089,Dress Pea
1862,1089,Marni Red & Black Suit
1863,1069,Elegant Patent Leather Peep-Toe Pumps with Gold-Tone Heel
1863,1069,Futuristic Holographic Soccer Cleats
1863,1069,Classic Blue Suede Casual Shoes
1863,1069,Vibrant Runners: Bold Orange & Blue Sneakers
1864,1052,Red Nail Polish
1865,1067,Blue & Black Check Shirt
1865,1067,Man Short Sleeve Shirt
1866,1010,Beef Steak
1867,1050,Water
1867,1050,Powder Canister
1867,1050,Longines Master Collection
1868,1052,Classic Black T-Shirt
1868,1052,Apple MacBook Pro 14 Inch Space Grey
1869,1075,Rolex Cellini Moonphase
1869,1075,Elegant Glass Tumbler Set
1870,1048,Tropical Earring
1870,1048,Green Crystal Earring
1870,1048,Green Oval Earring
1871,1080,Men Check Shirt
1872,1092,Sports Sneakers Off White Red
1873,1084,Man Short Sleeve Shirt
1874,1093,Blue & Black Check Shirt
1874,1093,Gigabyte Aorus Men Tshirt
1874,1093,Man Plaid Shirt
1874,1093,Men Check Shirt
1875,1086,Strawberry
1875,1086,Honey Jar
1876,1065,Apple iPhone Charger
1877,1033,Tissue Paper Box
1877,1033,Red Nail Polish
1878,1009,Cricket Helmet
1878,1009,Green Chili Pepper
1878,1009,Eyeshadow Palette with Mirror
1879,1066,Realme X
1879,1066,Glass
1879,1066,Sleek Comfort-Fit Over-Ear Headphones
1880,1022,Sleek White & Orange Wireless Gaming Controller
1880,1022,Sleek Smartwatch with Vibrant Display
1880,1022,Sleek Comfort-Fit Over-Ear Headphones
1881,1098,Fish Steak
1881,1098,Pampi Shoes
1881,1098,Plate
1882,1007,Amazon Echo Plus
1882,1007,Red Shoes
1882,1007,Cricket Bat
1883,1037,Fork
1884,1005,Rolex Cellini Date Black Dial
1885,1054,Family Tree Photo Frame
1885,1054,House Showpiece Plant
1885,1054,Plant Pot
1885,1054,Table Lamp
1886,1029,Samsung Galaxy Tab S8 Plus Grey
1886,1029,Samsung Galaxy Tab White
1886,1029,Strawberry
1886,1029,iPad Mini 2021 Starlight
1887,1010,Chic Transparent Fashion Handbag
1887,1010,MotoGP CI.H1
1887,1010,Dog Food
1888,1071,Futuristic Silver and Gold High-Top Sneaker
1888,1071,Fork
1889,1088,Watch Gold for Women
1890,1028,Sleek Modern Laptop for Professionals
1890,1028,New DELL XPS 13 9300 Laptop
1890,1028,Protein Powder
1891,1040,Apple MacBook Pro 14 Inch Space Grey
1892,1074,Dolce Shine Eau de
1892,1074,Sleek Modern Leather Sofa
1892,1074,Vivo V9
1893,1017,Rainbow Glitter High Heels
1893,1017,Vibrant Runners: Bold Orange & Blue Sneakers
1893,1017,Futuristic Silver and Gold High-Top Sneaker
1893,1017,Futuristic Chic High-Heel Boots
1893,1017,Glass
1894,1080,Annibale Colombo Bed
1894,1080,Silver Pot With Glass Cap
1894,1080,iPad Mini 2021 Starlight
1895,1005,Black Sun Glasses
1895,1005,Classic Sun Glasses
1895,1005,Sunglasses
1896,1073,Black Women's Gown
1896,1073,Corset Leather With Skirt
1897,1003,Selfie Lamp with iPhone
1898,1077,Charger SXT RWD
1898,1077,Dodge Hornet GT Plus
1898,1077,Durango SXT RWD
1898,1077,Pacifica Touring
1899,1047,title-2a140921-f960-4035-8f8f-e5e70787848d
1899,1047,Girl Summer Dress
1899,1047,Gray Dress
1899,1047,Short Frock
1900,1094,Women's Wrist Watch
1900,1094,IWC Ingenieur Automatic Steel
1900,1094,Rolex Datejust Women
1901,1064,Blue Frock
1901,1064,Short Frock
1901,1064,Tartan Dress
1902,1070,Man Plaid Shirt
1903,1088,Beats Flex Wireless Earphones
1903,1088,Apple Airpods
1903,1088,Monopod
1903,1088,Selfie Lamp with iPhone
1904,1069,iPhone 5s
1904,1069,Classic Black Hooded Sweatshirt
1904,1069,Tennis Ball
1905,1044,Vivo X21
1905,1044,iPhone X
1905,1044,Oppo F19 Pro Plus
1905,1044,Oppo K1
1906,1020,Sleek Modern Leather Sofa
1907,1039,Vivo X21
1907,1039,iPhone 5s
1908,1035,Apple
1908,1035,Marni Red & Black Suit
1909,1009,Gigabyte Aorus Men Tshirt
1910,1071,Sleek Olive Green Hardshell Carry-On Luggage
1910,1071,Green Chili Pepper
1910,1071,White Faux Leather Backpack
1911,1043,Blue & Black Check Shirt
1911,1043,Gigabyte Aorus Men Tshirt
1911,1043,Classic Olive Chino Shorts
1911,1043,Men Check Shirt
1912,1040,Chic Transparent Fashion Handbag
1913,1092,Apple MagSafe Battery Pack
1913,1092,Red Nail Polish
1913,1092,Silver Pot With Glass Cap
1914,1007,Sleek Smartwatch with Vibrant Display
1914,1007,title-2a140921-f960-4035-8f8f-e5e70787848d
1915,1003,Nike Baseball Cleats
1915,1003,Puma Future Rider Trainers
1915,1003,Sports Sneakers Off White Red
1915,1003,Sleek Modern Laptop for Professionals
1916,1069,Tropical Earring
1916,1069,Green Oval Earring
1917,1057,Essence Mascara Lash Princess
1917,1057,Eyeshadow Palette with Mirror
1917,1057,Powder Canister
1917,1057,Red Nail Polish
1918,1065,Selfie Lamp with iPhone
1918,1065,Rice
1919,1036,Black Sun Glasses
1919,1036,Green and Black Glasses
1919,1036,Party Glasses
1919,1036,Sunglasses
1920,1042,MotoGP CI.H1
1921,1017,New DELL XPS 13 9300 Laptop
1921,1017,Apple MacBook Pro 14 Inch Space Grey
1921,1017,Asus Zenbook Pro Dual Screen Laptop
1922,1035,Sleek Mirror Finish Phone Case
1922,1035,Gigabyte Aorus Men Tshirt
1923,1044,Trendy Pink-Tinted Sunglasses
1924,1057,Women Handbag Black
1924,1057,Blue Women's Handbag
1924,1057,Prada Women Bag
1924,1057,White Faux Leather Backpack
1925,1029,Powder Canister
1926,1069,Strawberry
1926,1069,Water
1927,1096,Green and Black Glasses
1928,1034,iPhone 5s
1928,1034,Black Sun Glasses
1928,1034,Party Glasses
1928,1034,Sunglasses
1929,1006,Powder Canister
1929,1006,Green Oval Earring
1930,1009,Majestic Mountain Graphic T-Shirt
1931,1062,Green Chili Pepper
1931,1062,Plate
1932,1063,Prada Women Bag
1933,1086,Tennis Ball
1933,1086,Cricket Bat
1934,1091,Eyeshadow Palette with Mirror
1934,1091,Powder Canister
1935,1093,Tennis Racket
1935,1093,Cricket Ball
1936,1064,Generic Motorcycle
1936,1064,Kawasaki Z800
1936,1064,Green and Black Glasses
1937,1016,Dog Food
1937,1016,Men Check Shirt
1938,1045,Red Lipstick
1938,1045,Grater Black
1939,1076,Charger SXT RWD
1939,1076,Dodge Hornet GT Plus
1939,1076,Durango SXT RWD
1939,1076,300 Touring
1940,1078,Fine Mesh Strainer
1940,1078,Basketball Rim
1941,1021,Classic White Crew Neck T-Shirt
1941,1021,Heshe Women's Leather Bag
1941,1021,Knoll Saarinen Executive Conference Chair
1942,1078,Blue Women's Handbag
1942,1078,Prada Women Bag
1942,1078,White Faux Leather Backpack
1943,1096,Stylish Red & Silver Over-Ear Headphones
1944,1036,Tropical Earring
1945,1056,Mulberry
1945,1056,MotoGP CI.H1
1945,1056,Sportbike Motorcycle
1946,1068,iPad Mini 2021 Starlight
1947,1099,Baseball Glove
1948,1093,Rainbow Glitter High Heels
1949,1097,iPhone 12 Silicone Case with MagSafe Plum
1949,1097,Classic Black Hooded Sweatshirt
1949,1097,Rolex Cellini Date Black Dial
1950,1021,Milk
1950,1021,Cat Food
1950,1021,Rice
1951,1087,Classic High-Waisted Athletic Shorts
1952,1064,Blue & Black Check Shirt
1952,1064,Chopping Board
1953,1033,Dolce Shine Eau de
1953,1033,Classic Blue Baseball Cap
1954,1073,Knife
1955,1019,Blue Frock
1955,1019,Tartan Dress
1956,1054,Wooden Rolling Pin
1956,1054,Classic Black Hooded Sweatshirt
1956,1054,Sports Sneakers Off White Red
1957,1096,Green Crystal Earring
1958,1072,Blue Women's Handbag
1958,1072,Blue & Black Check Shirt
1958,1072,Gigabyte Aorus Men Tshirt
1958,1072,Man Plaid Shirt
1959,1084,Eyeshadow Palette with Mirror
1959,1084,Classic Red Pullover Hoodie
1960,1053,Dodge Hornet GT Plus
1960,1053,Pacifica Touring
1961,1042,Blue Women's Handbag
1962,1028,Tropical Earring
1962,1028,Knoll Saarinen Executive Conference Chair
1963,1068,iPhone X
1963,1068,Juice
1964,1075,Electric Stove
1964,1075,Sleek Mirror Finish Phone Case
1964,1075,Sleek Smartwatch with Vibrant Display
1965,1012,Black Sun Glasses
1965,1012,Green and Black Glasses
1966,1021,Knife
1966,1021,Black Whisk
1966,1021,Longines Master Collection
1967,1098,Mulberry
1967,1098,Sports Sneakers Off White Red
1967,1098,Dog Food
1968,1045,Cricket Wicket
1968,1045,Eyeshadow Palette with Mirror
1968,1045,Pacifica Touring
1969,1072,Knoll Saarinen Executive Conference Chair
1970,1051,Blue Frock
1970,1051,Girl Summer Dress
1970,1051,Short Frock
1970,1051,Tartan Dress
1971,1023,Classic Grey Hooded Sweatshirt
1971,1023,Classic Black Hooded Sweatshirt
1972,1023,Gucci Bloom Eau de
1972,1023,Man Short Sleeve Shirt
1973,1082,Blue Frock
1973,1082,Girl Summer Dress
1973,1082,Short Frock
1973,1082,Tartan Dress
1974,1023,Classic Grey Hooded Sweatshirt
1974,1023,Longines Master Collection
1975,1089,Futuristic Holographic Soccer Cleats
1975,1089,Chic Summer Denim Espadrille Sandals
1975,1089,Vibrant Runners: Bold Orange & Blue Sneakers
1976,1038,Modern Elegance Teal Armchair
1976,1038,Modern Minimalist Workstation Setup
1976,1038,Annibale Colombo Bed
1977,1031,Monopod
1977,1031,Marni Red & Black Suit
1978,1092,Black Sun Glasses
1979,1042,Elegant Patent Leather Peep-Toe Pumps with Gold-Tone Heel
1979,1042,Futuristic Holographic Soccer Cleats
1979,1042,Rainbow Glitter High Heels
1980,1089,Watch Gold for Women
1981,1045,Samsung Galaxy S7
1981,1045,iPhone X
1981,1045,Vivo S1
1982,1038,Lenovo Yoga 920
1982,1038,New DELL XPS 13 9300 Laptop
1982,1038,Asus Zenbook Pro Dual Screen Laptop
1983,1095,Black Women's Gown
1984,1028,Nike Air Jordan 1 Red And Black
1984,1028,Rolex Submariner Watch
1985,1025,IWC Ingenieur Automatic Steel
1985,1025,Rolex Datejust Women
1986,1018,Charger SXT RWD
1986,1018,Classic Blue Baseball Cap
1986,1018,Soft Drinks
1987,1100,Family Tree Photo Frame
1988,1020,Classic Red Baseball Cap
1988,1020,Men Check Shirt
1989,1019,Cricket Helmet
1989,1019,Dress Pea
1989,1019,Kitchen Sieve
1990,1036,Bamboo Spatula
1990,1036,Black Aluminium Cup
1990,1036,Wooden Rolling Pin
1990,1036,Apple Airpods
1991,1028,Black & Brown Slipper
1991,1028,Calvin Klein Heel Shoes
1991,1028,Golden Shoes Woman
1991,1028,Red Shoes
1992,1029,Man Plaid Shirt
1993,1024,Basketball Rim
1993,1024,Blue & Black Check Shirt
1993,1024,Man Plaid Shirt
1993,1024,Man Short Sleeve Shirt
1993,1024,Men Check Shirt
1994,1028,Spice Rack
1994,1028,Marni Red & Black Suit
1995,1079,Girl Summer Dress
1995,1079,Table Lamp
1996,1054,Majestic Mountain Graphic T-Shirt
1996,1054,MotoGP CI.H1
1997,1084,Classic Blue Baseball Cap
1997,1084,Classic Black Hooded Sweatshirt
1998,1002,Green Oval Earring
1999,1054,iPhone 13 Pro
1999,1054,Apple MacBook Pro 14 Inch Space Grey
2000,1071,Slotted Turner
2000,1071,Glass
2000,1071,Wooden Rolling Pin
2000,1071,Plate
2001,1028,Blue & Black Check Shirt
2001,1028,Man Plaid Shirt
2002,1057,Rolex Datejust
2002,1057,Red Shoes
2003,1021,Plant Pot
2004,1067,Amazon Echo Plus
2004,1067,Beats Flex Wireless Earphones
2004,1067,Apple Airpods
2004,1067,Apple iPhone Charger
2005,1084,Black & Brown Slipper
2005,1084,Red Shoes
2006,1100,Rolex Submariner Watch
2006,1100,Longines Master Collection
2006,1100,Rolex Cellini Date Black Dial
2007,1047,Black & Brown Slipper
2007,1047,Honey Jar
2007,1047,Eggs
2008,1082,Modern Minimalist Workstation Setup
2008,1082,Annibale Colombo Sofa
2009,1066,Majestic Mountain Graphic T-Shirt
2009,1066,Classic Red Pullover Hoodie
2009,1066,Classic Heather Gray Hoodie
2009,1066,Classic Grey Hooded Sweatshirt
2009,1066,Ice Cream
2010,1036,Girl Summer Dress
2010,1036,Short Frock
2011,1062,Tennis Racket
2011,1062,Baseball Ball
2011,1062,Cricket Bat
2012,1088,Green Crystal Earring
2012,1088,Green Oval Earring
2013,1039,300 Touring
2013,1039,Charger SXT RWD
2013,1039,Dodge Hornet GT Plus
2013,1039,Pacifica Touring
2013,1039,Feather Shuttlecock
2014,1018,Corset With Black Skirt
2014,1018,Dress Pea
2015,1073,Vaseline Men Body and Face Lotion
2015,1073,Wooden Rolling Pin
2016,1002,Rolex Datejust
2016,1002,Cricket Bat
2016,1002,Feather Shuttlecock
2016,1002,Football
2016,1002,Iron Golf
2017,1019,Sleek Smartwatch with Vibrant Display
2018,1062,TV Studio Camera Pedestal
2018,1062,Knife
2018,1062,Oppo F19 Pro Plus
2019,1059,Nescafe Coffee
2019,1059,Juice
2019,1059,Classic High-Waisted Athletic Shorts
2020,1059,Brown Leather Belt Watch
2020,1059,Longines Master Collection
2021,1061,Cricket Wicket
2022,1034,Apple
2022,1034,Classic White Tee - Timeless Style and Comfort
2022,1034,Glass
2023,1083,Black Aluminium Cup
2024,1054,Samsung Galaxy Tab S8 Plus Grey
2024,1054,Samsung Galaxy Tab White
2024,1054,iPad Mini 2021 Starlight
2025,1064,Sportbike Motorcycle
2025,1064,Men Check Shirt
2026,1058,Beef Steak
2027,1050,Dodge Hornet GT Plus
2027,1050,Durango SXT RWD
2028,1022,Samsung Galaxy S10
2028,1022,300 Touring
2029,1093,Sports Sneakers Off White & Red
2029,1093,Grater Black
2029,1093,Rolex Datejust Women
2030,1075,Radiant Citrus Eau de Parfum
2031,1039,Vivo X21
2031,1039,Scooter Motorcycle
2031,1039,Citrus Squeezer Yellow
2032,1037,Green and Black Glasses
2032,1037,Party Glasses
2032,1037,Sunglasses
2032,1037,Chanel Coco Noir Eau De
2033,1081,Vaseline Men Body and Face Lotion
2033,1081,Attitude Super Leaves Hand Soap
2033,1081,Olay Ultra Moisture Shea Butter Body Wash
2034,1005,Essence Mascara Lash Princess
2034,1005,Elegant Glass Tumbler Set
2034,1005,Chic Summer Denim Espadrille Sandals
2035,1074,Cricket Helmet
2035,1074,Carbon Steel Wok
2036,1091,Samsung Galaxy Tab White
2037,1061,Silver Pot With Glass Cap
2037,1061,Olay Ultra Moisture Shea Butter Body Wash
2038,1029,Dolce Shine Eau de
2038,1029,Sleek Comfort-Fit Over-Ear Headphones
2039,1085,Huawei Matebook X Pro
2039,1085,Lenovo Yoga 920
2039,1085,New DELL XPS 13 9300 Laptop
2039,1085,Asus Zenbook Pro Dual Screen Laptop
2040,1078,Sports Sneakers Off White Red
2040,1078,Cricket Ball
2041,1048,Corset Leather With Skirt
2041,1048,Corset With Black Skirt
2041,1048,Marni Red & Black Suit
2042,1026,Classic White Tee - Timeless Style and Comfort
2042,1026,Baseball Glove
2043,1014,Samsung Galaxy Tab S8 Plus Grey
2043,1014,Samsung Galaxy Tab White
2043,1014,iPad Mini 2021 Starlight
2044,1059,MotoGP CI.H1
2045,1043,Green Crystal Earring
2045,1043,Green Oval Earring
2046,1051,Rolex Datejust
2046,1051,Selfie Lamp with iPhone
2047,1011,Green Chili Pepper
2047,1011,MotoGP CI.H1
2048,1064,Feather Shuttlecock
2048,1064,Football
2049,1087,Sleek Olive Green Hardshell Carry-On Luggage
2049,1087,Trendy Pink-Tinted Sunglasses
2049,1087,Sleek Futuristic Electric Bicycle
2049,1087,Sleek All-Terrain Go-Kart
2050,1037,Modern Elegance Teal Armchair
2050,1037,Tartan Dress
2050,1037,Rolex Cellini Date Black Dial
2051,1082,Vibrant Pink Classic Sneakers
2051,1082,Women's Wrist Watch
2051,1082,Calvin Klein Heel Shoes
2052,1006,Vaseline Men Body and Face Lotion
2052,1006,MotoGP CI.H1
2052,1006,Classic Blue Baseball Cap
2053,1030,Realme XT
2053,1030,Prada Women Bag
2053,1030,Vivo V9
2054,1057,Women's Wrist Watch
2054,1057,iPhone 13 Pro
2054,1057,IWC Ingenieur Automatic Steel
2054,1057,Rolex Datejust Women
2055,1041,Classic White Crew Neck T-Shirt
2055,1041,Futuristic Chic High-Heel Boots
2055,1041,Elegant Golden-Base Stone Top Dining Table
2056,1042,Decoration Swing
2056,1042,House Showpiece Plant
2056,1042,Plant Pot
2056,1042,Table Lamp
2057,1082,Tropical Earring
2057,1082,Green Crystal Earring
2057,1082,Green Oval Earring
2058,1076,Rolex Datejust
2058,1076,Rolex Submariner Watch
2058,1076,Brown Leather Belt Watch
2058,1076,Longines Master Collection
2059,1014,Women Handbag Black
2059,1014,Basketball Rim
2060,1080,Watch Gold for Women
2060,1080,Women's Wrist Watch
2060,1080,Honey Jar
2060,1080,IWC Ingenieur Automatic Steel
2061,1044,Apple AirPods Max Silver
2062,1059,Rolex Cellini Moonphase
2062,1059,Classic White Tee - Timeless Style and Comfort
2063,1059,Elegant Solid Wood Dining Table
2063,1059,Realme X
2063,1059,Green Bell Pepper
2064,1065,Watch Gold for Women
2064,1065,Women's Wrist Watch
2064,1065,IWC Ingenieur Automatic Steel
2064,1065,Rolex Datejust Women
2065,1088,Sleek Olive Green Hardshell Carry-On Luggage
2066,1063,Tennis Racket
2066,1063,Cricket Wicket
2066,1063,Football
2066,1063,Ice Cream
2067,1074,Rice
2068,1091,Futuristic Holographic Soccer Cleats
2068,1091,Vibrant Runners: Bold Orange & Blue Sneakers
2068,1091,Futuristic Silver and Gold High-Top Sneaker
2068,1091,Classic Blue Suede Casual Shoes
2068,1091,Longines Master Collection
2069,1016,Pan
2069,1016,Green Oval Earring
2070,1007,Puma Future Rider Trainers
2070,1007,Corset With Black Skirt
2070,1007,Sleek Futuristic Electric Bicycle
2071,1076,Classic Comfort Drawstring Joggers
2071,1076,Honey Jar
2071,1076,Cricket Bat
2072,1028,Knoll Saarinen Executive Conference Chair
2072,1028,Sleek Modern Leather Sofa
2072,1028,Mid-Century Modern Wooden Dining Table
2072,1028,Elegant Golden-Base Stone Top Dining Table
2073,1051,Dolce Shine Eau de
2073,1051,Calvin Klein CK One
2074,1027,Blue Women's Handbag
2074,1027,Heshe Women's Leather Bag
2074,1027,Prada Women Bag
2074,1027,White Faux Leather Backpack
2075,1069,Black Women's Gown
2075,1069,Corset Leather With Skirt
2076,1088,Calvin Klein Heel Shoes
2076,1088,Golden Shoes Woman
2077,1037,Iron Golf
2077,1037,Short Frock
2078,1075,Cricket Bat
2078,1075,Beef Steak
2078,1075,Tennis Ball
2079,1078,Plate
2080,1087,Black Sun Glasses
2080,1087,Amazon Echo Plus
2080,1087,Party Glasses
2081,1043,MotoGP CI.H1
2081,1043,Hand Blender
2082,1096,Apple Airpods
2082,1096,Blue & Black Check Shirt
2082,1096,Man Plaid Shirt
2082,1096,Man Short Sleeve Shirt
2082,1096,Men Check Shirt
2083,1093,Watch Gold for Women
2083,1093,Cricket Helmet
2083,1093,IWC Ingenieur Automatic Steel
2084,1086,Girl Summer Dress
2084,1086,Gray Dress
2084,1086,Short Frock
2085,1070,Juice
2085,1070,Attitude Super Leaves Hand Soap
2085,1070,Classic Comfort Fit Joggers
2086,1080,Baseball Ball
2086,1080,Apple Airpower Wireless Charger
2087,1048,Nike Baseball Cleats
2087,1048,Bedside Table African Cherry
2088,1021,Metal Baseball Bat
2089,1098,Vivo X21
2089,1098,Tennis Racket
2089,1098,Watch Gold for Women
2090,1091,Dress Pea
2091,1061,Tartan Dress
2092,1053,Sleek Olive Green Hardshell Carry-On Luggage
2092,1053,Chic Transparent Fashion Handbag
2092,1053,Sleek Futuristic Electric Bicycle
2093,1050,Realme C35
2093,1050,Majestic Mountain Graphic T-Shirt
2093,1050,Blue Women's Handbag
2094,1029,Baseball Ball
2094,1029,Basketball
2094,1029,Sleek Modern Leather Sofa
2094,1029,Cricket Ball
2095,1086,Realme XT
2095,1086,Samsung Galaxy S7
2095,1086,Samsung Galaxy S10
2095,1086,Vivo V9
2096,1082,Monopod
2096,1082,Classic Grey Hooded Sweatshirt
2097,1090,Powder Canister
2098,1063,Black Sun Glasses
2098,1063,Microwave Oven
2099,1057,Spice Rack
2099,1057,Kawasaki Z800
2099,1057,Classic Grey Hooded Sweatshirt
2100,1036,Women Handbag Black
2100,1036,Blue Women's Handbag
2100,1036,Prada Women Bag
2101,1076,Modern Minimalist Workstation Setup
2101,1076,Classic Sun Glasses
2101,1076,Brown Leather Belt Watch
2102,1082,Vibrant Pink Classic Sneakers
2102,1082,Classic Blue Suede Casual Shoes
2103,1043,Milk
2103,1043,Durango SXT RWD
2104,1034,Baseball Ball
2104,1034,Basketball
2104,1034,Iron Golf
2104,1034,Tennis Ball
2104,1034,Tennis Racket
2105,1074,Corset With Black Skirt
2105,1074,Marni Red & Black Suit
2106,1010,Sleek Modern Laptop for Professionals
2106,1010,Sleek Mirror Finish Phone Case
2106,1010,Sleek Wireless Headphone & Inked Earbud Set
2106,1010,Soft Drinks
2107,1068,Corset Leather With Skirt
2107,1068,Sleek Wireless Headphone & Inked Earbud Set
2107,1068,Sleek Wireless Computer Mouse
2108,1027,Sleek Smartwatch with Vibrant Display
2109,1078,Pacifica Touring
2110,1034,Green Bell Pepper
2110,1034,Basketball
2111,1040,Black Women's Gown
2111,1040,Corset Leather With Skirt
2111,1040,Corset With Black Skirt
2112,1022,Apple Airpods
2112,1022,Selfie Stick Monopod
2112,1022,Apple HomePod Mini Cosmic Grey
2113,1014,Women's Wrist Watch
2114,1084,Vaseline Men Body and Face Lotion
2114,1084,Attitude Super Leaves Hand Soap
2114,1084,Olay Ultra Moisture Shea Butter Body Wash
2115,1084,Sleek Wireless Headphone & Inked Earbud Set
2115,1084,Knoll Saarinen Executive Conference Chair
2116,1070,Black & Brown Slipper
2116,1070,Classic Black T-Shirt
2116,1070,Carbon Steel Wok
2117,1024,Apple
2117,1024,MotoGP CI.H1
2117,1024,Sportbike Motorcycle
2118,1074,Apple Airpower Wireless Charger
2119,1094,Elegant Solid Wood Dining Table
2119,1094,Annibale Colombo Bed
2119,1094,Annibale Colombo Sofa
2119,1094,Knoll Saarinen Executive Conference Chair
2120,1094,Plant Pot
2121,1048,Radiant Citrus Eau de Parfum
2121,1048,Kawasaki Z800
2121,1048,Honey Jar
2122,1089,Classic Comfort Drawstring Joggers
2122,1089,Apple Watch Series 4 Gold
2123,1043,Apple MacBook Pro 14 Inch Space Grey
2124,1100,Black & Brown Slipper
2124,1100,Metal Baseball Bat
2125,1013,Oppo F19 Pro Plus
2125,1013,Efficient 2-Slice Toaster
2125,1013,iPad Mini 2021 Starlight
2126,1077,Classic Heather Gray Hoodie
2126,1077,Oppo K1
2127,1013,Sleek Modern Laptop with Ambient Lighting
2127,1013,Beats Flex Wireless Earphones
2127,1013,Green and Black Glasses
2128,1042,Dior J'adore
2128,1042,Gucci Bloom Eau de
2128,1042,Calvin Klein CK One
2128,1042,Chanel Coco Noir Eau De
2129,1009,Vaseline Men Body and Face Lotion
2129,1009,Attitude Super Leaves Hand Soap
2129,1009,Olay Ultra Moisture Shea Butter Body Wash
2130,1024,Tissue Paper Box
2130,1024,Annibale Colombo Bed
2130,1024,Sleek Modern Leather Sofa
2131,1069,Generic Motorcycle
2132,1061,Vivo X21
2132,1061,iPhone 6
2132,1061,iPhone 13 Pro
2133,1082,Olay Ultra Moisture Shea Butter Body Wash
2134,1060,Blue Frock
2134,1060,Girl Summer Dress
2134,1060,Short Frock
2134,1060,Tartan Dress
2135,1028,Realme X
2135,1028,Samsung Galaxy S10
2135,1028,Vivo V9
2136,1084,Decoration Swing
2136,1084,Table Lamp
2137,1046,Pan
2137,1046,Annibale Colombo Sofa
2138,1039,Generic Motorcycle
2138,1039,Sleek All-Terrain Go-Kart
2139,1052,Vivo X21
2139,1052,Realme X
2139,1052,Oppo F19 Pro Plus
2139,1052,iPhone 5s
2140,1054,Olay Ultra Moisture Shea Butter Body Wash
2140,1054,Sleek Modern Leather Sofa
2140,1054,Knoll Saarinen Executive Conference Chair
2140,1054,Wooden Bathroom Sink With Mirror
2141,1055,Blue Frock
2141,1055,Tartan Dress
2142,1075,Samsung Galaxy S8
2143,1076,Amazon Echo Plus
2143,1076,Blue & Black Check Shirt
2143,1076,Plate
2144,1004,Amazon Echo Plus
2144,1004,Elegant Solid Wood Dining Table
2144,1004,Samsung Galaxy S7
2145,1057,Knife
2146,1051,Sports Sneakers Off White & Red
2147,1098,Green Bell Pepper
2148,1025,Water
2148,1025,Oppo A57
2148,1025,Classic High-Waisted Athletic Shorts
2149,1055,Watch Gold for Women
2149,1055,Women's Wrist Watch
2149,1055,IWC Ingenieur Automatic Steel
2149,1055,Rolex Datejust Women
2150,1083,Dodge Hornet GT Plus
2150,1083,Pacifica Touring
2150,1083,Carbon Steel Wok
2151,1052,Blue Frock
2151,1052,Gray Dress
2152,1096,Red Tongs
2152,1096,Spoon
2152,1096,Bamboo Spatula
2152,1096,Fine Mesh Strainer
2152,1096,Classic Sun Glasses
2153,1034,Durango SXT RWD
2153,1034,Boxed Blender
2154,1059,Tropical Earring
2155,1027,Black & Brown Slipper
2155,1027,Calvin Klein Heel Shoes
2155,1027,Classic Sun Glasses
2155,1027,Red Shoes
2156,1019,Vibrant Pink Classic Sneakers
2157,1029,Sleek Modern Leather Sofa
2157,1029,Modern Ergonomic Office Chair
2157,1029,Annibale Colombo Sofa
2157,1029,Bedside Table African Cherry
2158,1029,iPhone 13 Pro
2158,1029,Marni Red & Black Suit
2158,1029,Dog Food
2159,1072,Sleek All-Terrain Go-Kart
2160,1029,MotoGP CI.H1
2160,1029,Rolex Datejust Women
2161,1009,Dior J'adore
2161,1009,Dolce Shine Eau de
2161,1009,Gucci Bloom Eau de
2161,1009,Futuristic Holographic Soccer Cleats
2162,1020,Sleek Olive Green Hardshell Carry-On Luggage
2163,1085,Egg Slicer
2164,1082,Selfie Stick Monopod
2164,1082,Rolex Datejust Women
2165,1082,Futuristic Silver and Gold High-Top Sneaker
2165,1082,Futuristic Chic High-Heel Boots
2165,1082,Elegant Patent Leather Peep-Toe Pumps with Gold-Tone Heel
2165,1082,Rainbow Glitter High Heels
2166,1008,Juice
2167,1076,Sleek Modern Laptop with Ambient Lighting
2167,1076,title-2a140921-f960-4035-8f8f-e5e70787848d
2167,1076,Sleek Wireless Computer Mouse
2168,1088,Attitude Super Leaves Hand Soap
2169,1035,Honey Jar
2169,1035,Beats Flex Wireless Earphones
2169,1035,Apple HomePod Mini Cosmic Grey
2170,1062,Beef Steak
2171,1081,Feather Shuttlecock
2171,1081,Basketball
2171,1081,Sports Sneakers Off White Red
2171,1081,Tennis Ball
2172,1017,Samsung Galaxy S8
2172,1017,Scooter Motorcycle
2173,1033,Silver Pot With Glass Cap
2173,1033,Green Oval Earring
2174,1042,Modern Elegance Teal Armchair
2174,1042,Wooden Bathroom Sink With Mirror
2175,1058,Classic Comfort Drawstring Joggers
2175,1058,Classic Blue Baseball Cap
2176,1093,Cucumber
2176,1093,Sleek Wireless Computer Mouse
2177,1042,Vaseline Men Body and Face Lotion
2177,1042,Tissue Paper Box
2177,1042,Eggs
2178,1051,Samsung Galaxy Tab S8 Plus Grey
2178,1051,Samsung Galaxy Tab White
2178,1051,iPad Mini 2021 Starlight
2179,1060,Baseball Ball
2180,1017,Tropical Earring
2180,1017,Green Crystal Earring
2180,1017,Green Oval Earring
2181,1011,Green and Black Glasses
2181,1011,Party Glasses
2181,1011,Sunglasses
2182,1036,Modern Minimalist Workstation Setup
2182,1036,Sleek Comfort-Fit Over-Ear Headphones
2182,1036,Cricket Ball
2183,1010,Man Plaid Shirt
2184,1072,Black Aluminium Cup
2185,1086,Tropical Earring
2185,1086,Decoration Swing
2185,1086,Dog Food
2186,1023,Vibrant Pink Classic Sneakers
2186,1023,Futuristic Silver and Gold High-Top Sneaker
2186,1023,Classic Blue Suede Casual Shoes
2187,1049,Cricket Ball
2187,1049,Classic Comfort Fit Joggers
2188,1005,Sleek Modern Laptop with Ambient Lighting
2188,1005,Modern Ergonomic Office Chair
2189,1095,Vaseline Men Body and Face Lotion
2190,1076,Spoon
2190,1076,Boxed Blender
2190,1076,Pan
2190,1076,Egg Slicer
2191,1088,Black Women's Gown
2191,1088,Corset Leather With Skirt
2191,1088,Annibale Colombo Sofa
2191,1088,Marni Red & Black Suit
2192,1095,Modern Elegance Teal Armchair
2192,1095,Classic White Tee - Timeless Style and Comfort
2192,1095,Modern Minimalist Workstation Setup
2193,1022,Charger SXT RWD
2193,1022,Pacifica Touring
2194,1022,Sleek All-Terrain Go-Kart
2195,1032,Huawei Matebook X Pro
2195,1032,Yellow Peeler
2195,1032,Asus Zenbook Pro Dual Screen Laptop
2196,1060,Sports Sneakers Off White Red
2197,1055,Radiant Citrus Eau de Parfum
2197,1055,Elegant Glass Tumbler Set
2197,1055,Sleek Futuristic Electric Bicycle
2197,1055,Sleek All-Terrain Go-Kart
2198,1074,Generic Motorcycle
2198,1074,MotoGP CI.H1
2198,1074,Sportbike Motorcycle
2198,1074,Vivo V9
2199,1004,Black Sun Glasses
2199,1004,Party Glasses
2200,1064,Electric Stove
2200,1064,Fish Steak
2201,1067,Rolex Submariner Watch
2201,1067,Brown Leather Belt Watch
2202,1084,Rolex Datejust Women
2203,1096,Essence Mascara Lash Princess
2203,1096,Eyeshadow Palette with Mirror
2203,1096,Red Nail Polish
2204,1040,Apple MagSafe Battery Pack
2205,1072,Samsung Galaxy S10
2206,1036,Calvin Klein Heel Shoes
2206,1036,Red Shoes
2207,1026,Essence Mascara Lash Princess
2207,1026,Red Nail Polish
2208,1020,Lenovo Yoga 920
2208,1020,Apple MacBook Pro 14 Inch Space Grey
2208,1020,Asus Zenbook Pro Dual Screen Laptop
2209,1068,Tropical Earring
2209,1068,Green Crystal Earring
2210,1053,Dodge Hornet GT Plus
2210,1053,Durango SXT RWD
2211,1037,300 Touring
2212,1022,Family Tree Photo Frame
2212,1022,House Showpiece Plant
2212,1022,Plant Pot
2213,1040,Sleek Futuristic Electric Bicycle
2214,1012,Radiant Citrus Eau de Parfum
2214,1012,Pampi Shoes
2215,1090,Sleek Modern Laptop with Ambient Lighting
2215,1090,Beats Flex Wireless Earphones
2215,1090,Sleek White & Orange Wireless Gaming Controller
2215,1090,Sleek Wireless Headphone & Inked Earbud Set
2216,1053,Majestic Mountain Graphic T-Shirt
2216,1053,Classic Black T-Shirt
2216,1053,Classic Red Pullover Hoodie
2216,1053,Classic Comfort Fit Joggers
2217,1080,Apple Watch Series 4 Gold
2218,1041,Women Handbag Black
2218,1041,Blue Women's Handbag
2218,1041,Heshe Women's Leather Bag
2218,1041,White Faux Leather Backpack
2219,1025,Lunch Box
2219,1025,Attitude Super Leaves Hand Soap
2220,1059,Chic Summer Denim Espadrille Sandals
2220,1059,Vibrant Runners: Bold Orange & Blue Sneakers
2220,1059,Futuristic Silver and Gold High-Top Sneaker
2220,1059,Elegant Patent Leather Peep-Toe Pumps with Gold-Tone Heel
2220,1059,Classic Blue Suede Casual Shoes
2221,1030,Golden Shoes Woman
2222,1084,iPad Mini 2021 Starlight
2223,1028,Charger SXT RWD
2223,1028,Dodge Hornet GT Plus
2223,1028,Durango SXT RWD
2223,1028,Pacifica Touring
2224,1094,Corset Leather With Skirt
2224,1094,Dress Pea
2225,1021,Wooden Bathroom Sink With Mirror
2226,1056,Mid-Century Modern Wooden Dining Table
2226,1056,Tartan Dress
2226,1056,Sleek Futuristic Electric Bicycle
2227,1045,Baseball Glove
2227,1045,Sleek Comfort-Fit Over-Ear Headphones
2227,1045,Sunglasses
2228,1096,Milk
2228,1096,Brown Leather Belt Watch
2229,1092,Watch Gold for Women
2229,1092,Women's Wrist Watch
2229,1092,IWC Ingenieur Automatic Steel
2229,1092,Rolex Datejust Women
2230,1098,Black Sun Glasses
2230,1098,Green and Black Glasses
2230,1098,Party Glasses
2230,1098,Sunglasses
2231,1013,Heshe Women's Leather Bag
2231,1013,title-2a140921-f960-4035-8f8f-e5e70787848d
2231,1013,Chanel Coco Noir Eau De
2232,1048,Nike Baseball Cleats
2233,1041,Girl Summer Dress
2234,1090,Vaseline Men Body and Face Lotion
2234,1090,Stylish Red & Silver Over-Ear Headphones
2234,1090,Attitude Super Leaves Hand Soap
2234,1090,Olay Ultra Moisture Shea Butter Body Wash
2235,1054,Annibale Colombo Bed
2235,1054,Mid-Century Modern Wooden Dining Table
2236,1049,Decoration Swing
2237,1074,Mug Tree Stand
2237,1074,Green Crystal Earring
2238,1041,Apple iPhone Charger
2238,1041,Amazon Echo Plus
2238,1041,Selfie Stick Monopod
2239,1087,Bedside Table African Cherry
2239,1087,Prada Women Bag
2240,1087,Charger SXT RWD
2240,1087,Pacifica Touring
2241,1098,iPhone 6
2241,1098,Modern Ergonomic Office Chair
2241,1098,Soft Drinks
2242,1069,Bamboo Spatula
2242,1069,Tray
2242,1069,Pan
2242,1069,Carbon Steel Wok
2243,1018,Kawasaki Z800
2243,1018,MotoGP CI.H1
2243,1018,Sportbike Motorcycle
2244,1043,Classic Black T-Shirt
2244,1043,Green Chili Pepper
2244,1043,Wooden Rolling Pin
2245,1017,Chicken Meat
2245,1017,Carbon Steel Wok
2245,1017,Classic Comfort Fit Joggers
2246,1026,Scooter Motorcycle
2247,1078,Boxed Blender
2247,1078,Party Glasses
2247,1078,Vivo V9
2248,1048,Calvin Klein CK One
2249,1053,Apple HomePod Mini Cosmic Grey
2250,1006,Classic Red Baseball Cap
2250,1006,Party Glasses
2251,1059,Nike Baseball Cleats
2251,1059,Puma Future Rider Trainers
2251,1059,Sports Sneakers Off White Red
2252,1046,Blue Frock
2252,1046,Girl Summer Dress
2252,1046,Gray Dress
2252,1046,Tartan Dress
2253,1015,Blue Women's Handbag
2253,1015,Oppo A57
2254,1036,Cricket Bat
2255,1019,Lenovo Yoga 920
2256,1008,Classic Comfort Drawstring Joggers
2256,1008,Lemon
2257,1093,Samsung Galaxy Tab S8 Plus Grey
2257,1093,Samsung Galaxy Tab White
2257,1093,Golf Ball
2257,1093,iPad Mini 2021 Starlight
2258,1084,Blue Women's Handbag
2259,1017,Futuristic Silver and Gold High-Top Sneaker
2259,1017,Futuristic Holographic Soccer Cleats
2259,1017,Classic Blue Suede Casual Shoes
2260,1072,Amazon Echo Plus
2260,1072,Selfie Stick Monopod
2261,1043,Milk
2261,1043,Apple Watch Series 4 Gold
2262,1037,iPhone 13 Pro
2263,1009,Huawei Matebook X Pro
2263,1009,iPhone 12 Silicone Case with MagSafe Plum
2264,1032,Gray Dress
2264,1032,Mid-Century Modern Wooden Dining Table
2265,1089,Black & Brown Slipper
2265,1089,Calvin Klein Heel Shoes
2265,1089,Golden Shoes Woman
2265,1089,Red Shoes
2266,1090,New DELL XPS 13 9300 Laptop
2266,1090,White Faux Leather Backpack
2267,1021,Dolce Shine Eau de
2267,1021,Scooter Motorcycle
2268,1037,Apple
2268,1037,Puma Future Rider Trainers
2269,1053,Decoration Swing
2270,1028,Eyeshadow Palette with Mirror
2270,1028,Red Lipstick
2271,1015,Baseball Ball
2271,1015,Short Frock
2271,1015,Eggs
2272,1007,Girl Summer Dress
2272,1007,Short Frock
2272,1007,Tartan Dress
2273,1016,Black & Brown Slipper
2273,1016,Calvin Klein Heel Shoes
2274,1080,Apple AirPods Max Silver
2275,1069,Nike Air Jordan 1 Red And Black
2275,1069,Short Frock
2275,1069,Tartan Dress
2276,1065,Ice Cream
2276,1065,Party Glasses
2277,1056,Essence Mascara Lash Princess
2277,1056,Eyeshadow Palette with Mirror
2277,1056,Red Lipstick
2277,1056,Red Nail Polish
2278,1099,Red Lipstick
2278,1099,Sunglasses
2279,1089,Sleek Olive Green Hardshell Carry-On Luggage
2280,1061,Durango SXT RWD
2280,1061,Realme XT
2281,1079,Sleek Mirror Finish Phone Case
2281,1079,Sleek Smartwatch with Vibrant Display
2281,1079,title-2a140921-f960-4035-8f8f-e5e70787848d
2282,1021,House Showpiece Plant
2282,1021,Plant Pot
2282,1021,Table Lamp
2283,1080,Generic Motorcycle
2283,1080,Scooter Motorcycle
2283,1080,Sportbike Motorcycle
2284,1006,American Football
2284,1006,Football
2284,1006,Blue Women's Handbag
2285,1095,Ice Cube Tray
2285,1095,Carbon Steel Wok
2285,1095,Green Crystal Earring
2286,1082,Pacifica Touring
2286,1082,Rice
2286,1082,300 Touring
2287,1016,Slotted Turner
2288,1002,Apple Airpower Wireless Charger
2289,1096,TV Studio Camera Pedestal
2289,1096,Black & Brown Slipper
2290,1031,Rainbow Glitter High Heels
2291,1009,Red Tongs
2291,1009,Classic Olive Chino Shorts
2291,1009,Vibrant Runners: Bold Orange & Blue Sneakers
2292,1012,Selfie Lamp with iPhone
2293,1080,Vaseline Men Body and Face Lotion
2293,1080,Generic Motorcycle
2293,1080,Short Frock
2294,1050,Cat Food
2295,1068,Black Women's Gown
2295,1068,Corset Leather With Skirt
2295,1068,Dress Pea
2295,1068,Marni Red & Black Suit
2295,1068,Sports Sneakers Off White & Red
2296,1073,Amazon Echo Plus
2296,1073,Sleek Wireless Computer Mouse
2297,1025,Baseball Ball
2297,1025,Cricket Ball
2298,1080,Eyeshadow Palette with Mirror
2298,1080,Powder Canister
2298,1080,Red Lipstick
2298,1080,Red Nail Polish
2299,1055,Dior J'adore
2299,1055,Dolce Shine Eau de
2299,1055,Gucci Bloom Eau de
2299,1055,Kitchen Sieve
2300,1074,Rolex Submariner Watch
2300,1074,Rainbow Glitter High Heels
2301,1088,Black Sun Glasses
2301,1088,Classic Sun Glasses
2301,1088,Sunglasses
2301,1088,Eggs
2302,1022,Black Women's Gown
2302,1022,Durango SXT RWD
2302,1022,Pacifica Touring
2302,1022,300 Touring
2303,1011,Man Plaid Shirt
2303,1011,Man Short Sleeve Shirt
2304,1034,Black & Brown Slipper
2304,1034,Golden Shoes Woman
2304,1034,Pampi Shoes
2304,1034,Red Shoes
2305,1064,Blue Frock
2306,1047,Apple AirPods Max Silver
2306,1047,Amazon Echo Plus
2306,1047,Monopod
2307,1053,Spice Rack
2307,1053,Essence Mascara Lash Princess
2307,1053,Powder Canister
2307,1053,Red Lipstick
2308,1034,Strawberry
2308,1034,Beef Steak
2308,1034,Ice Cream
2309,1032,Classic Sun Glasses
2310,1055,Charger SXT RWD
2310,1055,Elegant Patent Leather Peep-Toe Pumps with Gold-Tone Heel
2310,1055,Heshe Women's Leather Bag
2311,1045,Tartan Dress
2311,1045,Chanel Coco Noir Eau De
2312,1007,Tropical Earring
2312,1007,Elegant Glass Tumbler Set
2312,1007,Green Crystal Earring
2312,1007,Green Oval Earring
2313,1022,MotoGP CI.H1
2313,1022,Powder Canister
2314,1072,Samsung Galaxy Tab S8 Plus Grey
2314,1072,Stylish Red & Silver Over-Ear Headphones
2314,1072,Amazon Echo Plus
2315,1030,Vaseline Men Body and Face Lotion
2315,1030,Rolex Cellini Date Black Dial
2315,1030,Attitude Super Leaves Hand Soap
2315,1030,Olay Ultra Moisture Shea Butter Body Wash
2316,1069,Spoon
2316,1069,Red Nail Polish
2317,1063,Watch Gold for Women
2317,1063,Women's Wrist Watch
2317,1063,IWC Ingenieur Automatic Steel
2318,1068,Vivo S1
2319,1086,Black Women's Gown
2319,1086,Corset Leather With Skirt
2319,1086,Dress Pea
2319,1086,Marni Red & Black Suit
2320,1070,Black Whisk
2320,1070,Sportbike Motorcycle
2321,1070,Tennis Ball
2322,1099,Green Crystal Earring
2322,1099,Green Oval Earring
2323,1088,Sleek Modern Laptop for Professionals
2323,1088,Sleek White & Orange Wireless Gaming Controller
2323,1088,title-2a140921-f960-4035-8f8f-e5e70787848d
2324,1064,Generic Motorcycle
2324,1064,Sleek Olive Green Hardshell Carry-On Luggage
2324,1064,MotoGP CI.H1
2324,1064,Scooter Motorcycle
2324,1064,Sportbike Motorcycle
2325,1093,Dolce Shine Eau de
2325,1093,Gucci Bloom Eau de
2325,1093,Calvin Klein CK One
2325,1093,Chanel Coco Noir Eau De
2326,1011,Classic Red Baseball Cap
2326,1011,Classic Heather Gray Hoodie
2326,1011,Classic Black Hooded Sweatshirt
2326,1011,Classic Comfort Fit Joggers
2327,1059,Electric Stove
2328,1052,Stylish Red & Silver Over-Ear Headphones
2328,1052,Sleek White & Orange Wireless Gaming Controller
2329,1030,Fine Mesh Strainer
2329,1030,iPhone 6
2329,1030,Honey Jar
2330,1093,Nike Air Jordan 1 Red And Black
2330,1093,Nike Baseball Cleats
2330,1093,Puma Future Rider Trainers
2330,1093,Classic Olive Chino Shorts
2331,1031,Calvin Klein CK One
2331,1031,Chanel Coco Noir Eau De
2332,1020,Tennis Racket
2332,1020,Classic Blue Suede Casual Shoes
2333,1036,Vibrant Pink Classic Sneakers
2333,1036,Rainbow Glitter High Heels
2333,1036,Vibrant Runners: Bold Orange & Blue Sneakers
2334,1070,Classic White Tee - Timeless Style and Comfort
2334,1070,Apple Watch Series 4 Gold
2335,1052,Heshe Women's Leather Bag
2335,1052,Prada Women Bag
2336,1070,Dolce Shine Eau de
2336,1070,Gucci Bloom Eau de
2336,1070,Calvin Klein CK One
2336,1070,Chanel Coco Noir Eau De
2337,1010,Dress Pea
2338,1009,Green Bell Pepper
2338,1009,Calvin Klein Heel Shoes
2338,1009,Dress Pea
2339,1029,Women's Wrist Watch
2340,1069,Blue & Black Check Shirt
2340,1069,Gigabyte Aorus Men Tshirt
2340,1069,Man Short Sleeve Shirt
2340,1069,Men Check Shirt
2340,1069,iPad Mini 2021 Starlight
2341,1065,Vibrant Pink Classic Sneakers
2341,1065,Golf Ball
2342,1009,Corset Leather With Skirt
2342,1009,Dress Pea
2342,1009,Marni Red & Black Suit
2343,1030,Classic Navy Blue Baseball Cap
2343,1030,Ice Cream
2344,1100,Baseball Ball
2344,1100,Cricket Ball
2344,1100,Cricket Wicket
2344,1100,Sleek Wireless Headphone & Inked Earbud Set
2344,1100,Golf Ball
2345,1090,Tennis Racket
2345,1090,Eggs
2346,1072,Durango SXT RWD
2346,1072,Nescafe Coffee
2346,1072,Apple AirPods Max Silver
2347,1051,Nike Baseball Cleats
2347,1051,Puma Future Rider Trainers
2347,1051,Sports Sneakers Off White & Red
2347,1051,Sports Sneakers Off White Red
2348,1048,American Football
2348,1048,Cricket Wicket
2349,1014,Cooking Oil
2349,1014,Classic Black Baseball Cap
2350,1021,Huawei Matebook X Pro
2350,1021,New DELL XPS 13 9300 Laptop
2350,1021,Apple MacBook Pro 14 Inch Space Grey
2350,1021,Asus Zenbook Pro Dual Screen Laptop
2351,1025,Annibale Colombo Sofa
2352,1085,Mulberry
2352,1085,Puma Future Rider Trainers
2352,1085,Ice Cube Tray
2353,1017,Boxed Blender
2353,1017,Carbon Steel Wok
2353,1017,Plate
2354,1039,Watch Gold for Women
2354,1039,Women's Wrist Watch
2354,1039,IWC Ingenieur Automatic Steel
2354,1039,Rolex Datejust Women
2355,1075,Vaseline Men Body and Face Lotion
2355,1075,Olay Ultra Moisture Shea Butter Body Wash
2356,1006,Knife
2356,1006,Glass
2356,1006,Kitchen Sieve
2357,1016,Blue & Black Check Shirt
2357,1016,Gigabyte Aorus Men Tshirt
2357,1016,Sleek Comfort-Fit Over-Ear Headphones
2357,1016,Man Plaid Shirt
2357,1016,Men Check Shirt
2358,1009,House Showpiece Plant
2358,1009,Samsung Galaxy S10
2359,1004,Dior J'adore
2359,1004,Dolce Shine Eau de
2359,1004,Calvin Klein CK One
2359,1004,Chanel Coco Noir Eau De
2360,1096,Durango SXT RWD
2360,1096,Powder Canister
2361,1088,Watch Gold for Women
2361,1088,Women's Wrist Watch
2361,1088,IWC Ingenieur Automatic Steel
2361,1088,Rolex Datejust Women
2362,1084,Dior J'adore
2362,1084,Gucci Bloom Eau de
2362,1084,Chanel Coco Noir Eau De
2363,1061,iPhone 13 Pro
2363,1061,Classic Blue Suede Casual Shoes
2364,1100,Watch Gold for Women
2364,1100,Knife
2364,1100,Wooden Rolling Pin
2365,1069,Women Handbag Black
2365,1069,Blue Women's Handbag
2365,1069,White Faux Leather Backpack
2366,1042,Tropical Earring
2366,1042,Apple Airpods
2366,1042,Green Crystal Earring
2367,1001,Kawasaki Z800
2367,1001,Classic Blue Baseball Cap
2367,1001,Apple AirPods Max Silver
2368,1068,Vibrant Pink Classic Sneakers
2368,1068,Rainbow Glitter High Heels
2369,1089,Women's Wrist Watch
2369,1089,iPhone X
2369,1089,Oppo F19 Pro Plus
2370,1005,Sleek Modern Laptop with Ambient Lighting
2370,1005,Rolex Cellini Date Black Dial
2371,1045,Bamboo Spatula
2371,1045,Carbon Steel Wok
2371,1045,Ice Cube Tray
2371,1045,Kitchen Sieve
2372,1092,Stylish Red & Silver Over-Ear Headphones
2372,1092,Sleek Wireless Headphone & Inked Earbud Set
2373,1100,Bamboo Spatula
2373,1100,Chopping Board
2373,1100,Citrus Squeezer Yellow
2374,1041,Beats Flex Wireless Earphones
2375,1084,Attitude Super Leaves Hand Soap
2375,1084,Olay Ultra Moisture Shea Butter Body Wash
2376,1026,Dodge Hornet GT Plus
2376,1026,Durango SXT RWD
2377,1022,Sleek Comfort-Fit Over-Ear Headphones
2377,1022,Attitude Super Leaves Hand Soap
2377,1022,Olay Ultra Moisture Shea Butter Body Wash
2378,1007,Women Handbag Black
2378,1007,Blue Women's Handbag
2378,1007,White Faux Leather Backpack
2379,1052,Sleek Modern Laptop for Professionals
2379,1052,iPhone 13 Pro
2379,1052,Classic Heather Gray Hoodie
2380,1074,Samsung Galaxy Tab S8 Plus Grey
2380,1074,Samsung Galaxy Tab White
2380,1074,iPad Mini 2021 Starlight
2381,1024,Vivo X21
2381,1024,Classic White Tee - Timeless Style and Comfort
2381,1024,Yellow Peeler
2382,1061,Watch Gold for Women
2382,1061,Women's Wrist Watch
2382,1061,IWC Ingenieur Automatic Steel
2382,1061,Rolex Datejust Women
2383,1011,Spoon
2383,1011,Decoration Swing
2383,1011,Red Lipstick
2384,1020,Women Handbag Black
2384,1020,Heshe Women's Leather Bag
2384,1020,Prada Women Bag
2384,1020,White Faux Leather Backpack
2385,1001,Apple
2385,1001,Black & Brown Slipper
2385,1001,Microwave Oven
2386,1069,Essence Mascara Lash Princess
2386,1069,Eyeshadow Palette with Mirror
2386,1069,Powder Canister
2386,1069,Red Nail Polish
2387,1080,Women Handbag Black
2387,1080,Oppo F19 Pro Plus
2387,1080,White Faux Leather Backpack
2388,1053,Man Short Sleeve Shirt
2388,1053,Olay Ultra Moisture Shea Butter Body Wash
2389,1061,Basketball Rim
2389,1061,Cricket Bat
2390,1066,Ice Cube Tray
2390,1066,Elegant Golden-Base Stone Top Dining Table
2391,1002,Honey Jar
2392,1022,Apple Watch Series 4 Gold
2392,1022,Beats Flex Wireless Earphones
2393,1022,Cricket Helmet
2393,1022,Mulberry
2394,1070,House Showpiece Plant
2395,1041,Samsung Galaxy Tab White
2396,1048,Kawasaki Z800
2397,1018,title-2a140921-f960-4035-8f8f-e5e70787848d
2397,1018,300 Touring
2398,1063,Fish Steak
2399,1039,Blue Frock
2399,1039,Girl Summer Dress
2399,1039,Short Frock
2400,1093,Feather Shuttlecock
2400,1093,Basketball
2400,1093,Iron Golf
2400,1093,Basketball Rim
2401,1016,Green Oval Earring
2402,1052,Chicken Meat
2402,1052,Classic Black Hooded Sweatshirt
2402,1052,Table Lamp
2403,1058,Red Nail Polish
2404,1049,Classic White Crew Neck T-Shirt
2404,1049,Classic Red Baseball Cap
2405,1038,Women Handbag Black
2405,1038,Heshe Women's Leather Bag
2405,1038,Prada Women Bag
2405,1038,White Faux Leather Backpack
2406,1073,Red Shoes
2407,1019,Apple MacBook Pro 14 Inch Space Grey
2407,1019,Oppo K1
2408,1044,Samsung Galaxy Tab S8 Plus Grey
2408,1044,Samsung Galaxy Tab White
2408,1044,iPad Mini 2021 Starlight
2409,1077,Modern Minimalist Workstation Setup
2409,1077,Modern Ergonomic Office Chair
2410,1019,Classic Grey Hooded Sweatshirt
2411,1059,Charger SXT RWD
2411,1059,Gucci Bloom Eau de
2411,1059,Durango SXT RWD
2411,1059,Pacifica Touring
2412,1025,Apple
2412,1025,Oppo A57
2413,1016,New DELL XPS 13 9300 Laptop
2413,1016,Apple MacBook Pro 14 Inch Space Grey
2414,1030,Tissue Paper Box
2414,1030,Sleek Wireless Headphone & Inked Earbud Set
2415,1058,Radiant Citrus Eau de Parfum
2415,1058,Metal Baseball Bat
2415,1058,Plant Pot
2416,1004,Blue Frock
2416,1004,Powder Canister
2416,1004,Girl Summer Dress
2416,1004,Short Frock
2416,1004,Tartan Dress
2417,1079,Realme XT
2417,1079,Oppo F19 Pro Plus
2418,1020,Decoration Swing
2418,1020,Family Tree Photo Frame
2418,1020,Table Lamp
2419,1068,TV Studio Camera Pedestal
2419,1068,Corset With Black Skirt
2419,1068,Sleek Modern Leather Sofa
2420,1093,Black & Brown Slipper
2420,1093,Calvin Klein Heel Shoes
2420,1093,Golden Shoes Woman
2420,1093,Pampi Shoes
2421,1018,Pacifica Touring
2421,1018,Plate
2421,1018,Red Tongs
2422,1092,Blue Women's Handbag
2423,1076,Samsung Galaxy Tab S8 Plus Grey
2423,1076,iPhone 13 Pro
2423,1076,iPhone X
2423,1076,Vivo S1
2424,1023,Sleek Modern Laptop with Ambient Lighting
2424,1023,Sleek Mirror Finish Phone Case
2424,1023,Sleek Wireless Headphone & Inked Earbud Set
2425,1034,Family Tree Photo Frame
2426,1026,Annibale Colombo Bed
2427,1057,Tropical Earring
2427,1057,Green Oval Earring
2428,1027,Elegant Patent Leather Peep-Toe Pumps with Gold-Tone Heel
2428,1027,Chic Summer Denim Espadrille Sandals
2428,1027,Eggs
2429,1084,Potatoes
2429,1084,Classic Red Jogger Sweatpants
2429,1084,Classic Blue Baseball Cap
2429,1084,Classic White Crew Neck T-Shirt
2429,1084,Classic White Tee - Timeless Style and Comfort
2430,1012,Tennis Racket
2430,1012,Elegant Glass Tumbler Set
2430,1012,title-2a140921-f960-4035-8f8f-e5e70787848d
2431,1018,Sleek All-Terrain Go-Kart
2432,1084,Charger SXT RWD
2432,1084,Dodge Hornet GT Plus
2432,1084,Durango SXT RWD
2432,1084,300 Touring
2433,1046,Blue Frock
2433,1046,Short Frock
2433,1046,Tartan Dress
2434,1027,Dodge Hornet GT Plus
2435,1070,Dior J'adore
2435,1070,Gucci Bloom Eau de
2436,1084,Watch Gold for Women
2437,1031,Corset With Black Skirt
2437,1031,Dress Pea
2437,1031,Marni Red & Black Suit
2438,1041,Classic Grey Hooded Sweatshirt
2438,1041,Green Crystal Earring
2439,1033,Beef Steak
2439,1033,Dress Pea
2439,1033,Apple Airpower Wireless Charger
2440,1009,Girl Summer Dress
2440,1009,Gray Dress
2440,1009,Short Frock
2441,1025,Vaseline Men Body and Face Lotion
2441,1025,MotoGP CI.H1
2442,1018,Modern Ergonomic Office Chair
2443,1061,Apple
2443,1061,Water
2443,1061,Potatoes
2443,1061,Kiwi
2444,1085,Blue & Black Check Shirt
2444,1085,Gigabyte Aorus Men Tshirt
2444,1085,Man Plaid Shirt
2444,1085,Men Check Shirt
2445,1082,Realme X
2445,1082,Realme XT
2445,1082,Volleyball
2445,1082,iPhone X
2446,1078,Bedside Table African Cherry
2447,1059,Electric Stove
2447,1059,Cricket Wicket
2447,1059,Boxed Blender
2448,1023,Blue & Black Check Shirt
2449,1022,Bamboo Spatula
2449,1022,Black Aluminium Cup
2449,1022,Grater Black
2449,1022,Carbon Steel Wok
2450,1059,Spoon
2450,1059,Wooden Rolling Pin
2450,1059,Ice Cream
2451,1068,Strawberry
2451,1068,Cat Food
2451,1068,Olay Ultra Moisture Shea Butter Body Wash
2452,1013,Lenovo Yoga 920
2452,1013,Apple MacBook Pro 14 Inch Space Grey
2453,1045,Volleyball
2454,1096,Realme X
2454,1096,Pan
2454,1096,Elegant Golden-Base Stone Top Dining Table
2455,1084,Generic Motorcycle
2455,1084,Rolex Submariner Watch
2455,1084,Mulberry
2456,1019,Futuristic Holographic Soccer Cleats
2457,1047,Generic Motorcycle
2458,1046,Green Oval Earring
2459,1022,Beats Flex Wireless Earphones
2459,1022,Apple AirPods Max Silver
2459,1022,Apple Airpower Wireless Charger
2460,1034,Dolce Shine Eau de
2460,1034,Gucci Bloom Eau de
2460,1034,Calvin Klein CK One
2461,1038,Fine Mesh Strainer
2462,1072,Beats Flex Wireless Earphones
2462,1072,Classic Comfort Fit Joggers
2463,1061,Vivo S1
2463,1061,Cricket Ball
2464,1091,Black Sun Glasses
2464,1091,Classic Sun Glasses
2464,1091,Green and Black Glasses
2464,1091,Sunglasses
2465,1050,Protein Powder
2466,1062,Heshe Women's Leather Bag
2466,1062,Prada Women Bag
2466,1062,Asus Zenbook Pro Dual Screen Laptop
2467,1094,Milk
2467,1094,Protein Powder
2467,1094,Apple HomePod Mini Cosmic Grey
2468,1068,Samsung Galaxy Tab S8 Plus Grey
2468,1068,Samsung Galaxy Tab White
2468,1068,iPad Mini 2021 Starlight
2469,1061,Man Plaid Shirt
2470,1069,Spoon
2470,1069,Cricket Bat
2471,1045,Rolex Cellini Moonphase
2471,1045,Brown Leather Belt Watch
2471,1045,Longines Master Collection
2472,1022,Women Handbag Black
2472,1022,Blue Women's Handbag
2472,1022,Heshe Women's Leather Bag
2472,1022,Prada Women Bag
2473,1071,Knife
2473,1071,Eyeshadow Palette with Mirror
2473,1071,Powder Canister
2473,1071,Red Lipstick
2473,1071,Red Nail Polish
2474,1094,Plate
2475,1015,Family Tree Photo Frame
2475,1015,Plant Pot
2476,1088,Vibrant Pink Classic Sneakers
2477,1067,Blue Frock
2477,1067,Sports Sneakers Off White Red
2477,1067,Longines Master Collection
2478,1018,Samsung Galaxy Tab S8 Plus Grey
2478,1018,Samsung Galaxy Tab White
2478,1018,iPad Mini 2021 Starlight
2479,1088,Elegant Solid Wood Dining Table
2479,1088,Pan
2480,1007,American Football
2480,1007,Football
2480,1007,Baseball Glove
2480,1007,Metal Baseball Bat
2481,1001,Family Tree Photo Frame
2481,1001,House Showpiece Plant
2481,1001,Table Lamp
2482,1011,Kawasaki Z800
2483,1071,Mid-Century Modern Wooden Dining Table
2484,1068,Party Glasses
2485,1031,Kawasaki Z800
2486,1090,Watch Gold for Women
2487,1026,Beats Flex Wireless Earphones
2487,1026,Monopod
2487,1026,iPad Mini 2021 Starlight
2488,1075,Volleyball
2489,1089,Rice
2489,1089,Cooking Oil
2489,1089,Protein Powder
2489,1089,Lemon
2490,1043,Beef Steak
2490,1043,Decoration Swing
2490,1043,Plant Pot
2491,1010,Cricket Helmet
2491,1010,Volleyball
2491,1010,Baseball Ball
2492,1083,Samsung Galaxy S8
2492,1083,Green Crystal Earring
2492,1083,Dog Food
2493,1093,Party Glasses
2493,1093,Sunglasses
2494,1097,Sleek Modern Laptop with Ambient Lighting
2494,1097,Sleek White & Orange Wireless Gaming Controller
2494,1097,Selfie Stick Monopod
2495,1018,American Football
2495,1018,Brown Leather Belt Watch
2495,1018,Rolex Cellini Date Black Dial
2496,1094,Heshe Women's Leather Bag
2497,1086,Sportbike Motorcycle
2497,1086,Samsung Galaxy S10
2497,1086,Egg Slicer
2498,1054,Man Plaid Shirt
2498,1054,Marni Red & Black Suit
2499,1083,Classic White Tee - Timeless Style and Comfort
2499,1083,Kiwi
2499,1083,Table Lamp
2500,1066,Dior J'adore
2500,1066,Sleek Modern Laptop with Ambient Lighting
2501,1063,Carbon Steel Wok
2501,1063,Knoll Saarinen Executive Conference Chair
2501,1063,Chic Summer Denim Espadrille Sandals
2502,1052,Slotted Turner
2502,1052,Black Aluminium Cup
2502,1052,Black Whisk
2502,1052,Microwave Oven
2503,1001,Heshe Women's Leather Bag
2504,1074,Beef Steak
2504,1074,Classic Sun Glasses
2505,1066,Black Whisk
2506,1038,Nike Air Jordan 1 Red And Black
2507,1030,Bamboo Spatula
2507,1030,Tissue Paper Box
2507,1030,Boxed Blender
2507,1030,Carbon Steel Wok
2508,1059,Sports Sneakers Off White Red
2508,1059,Sunglasses
2509,1096,Tennis Racket
2509,1096,Man Short Sleeve Shirt
2510,1028,Monopod
2510,1028,Apple Airpods
2510,1028,Apple AirPods Max Silver
2510,1028,Apple Airpower Wireless Charger
2511,1022,Nike Air Jordan 1 Red And Black
2511,1022,Nike Baseball Cleats
2511,1022,Puma Future Rider Trainers
2511,1022,Sports Sneakers Off White Red
2512,1060,Rolex Datejust
2512,1060,Sleek All-Terrain Go-Kart
2513,1072,Tissue Paper Box
2513,1072,Kitchen Sieve
2514,1038,Samsung Galaxy S10
2515,1001,Apple iPhone Charger
2515,1001,New DELL XPS 13 9300 Laptop
2515,1001,Tartan Dress
2516,1022,Baseball Ball
2516,1022,Basketball
2516,1022,Classic Black T-Shirt
2516,1022,Feather Shuttlecock
2516,1022,Metal Baseball Bat
2517,1052,Cooking Oil
2518,1003,Efficient 2-Slice Toaster
2519,1045,Sleek Olive Green Hardshell Carry-On Luggage
2519,1045,Elegant Glass Tumbler Set
2519,1045,Sleek All-Terrain Go-Kart
2520,1006,Realme C35
2520,1006,Vivo V9
2520,1006,Vivo S1
2520,1006,Oppo K1
2521,1067,Egg Slicer
2521,1067,IWC Ingenieur Automatic Steel
2521,1067,Rolex Datejust Women
2522,1076,Apple MagSafe Battery Pack
2522,1076,Apple Watch Series 4 Gold
2522,1076,Monopod
2522,1076,Mid-Century Modern Wooden Dining Table
2523,1053,Rolex Cellini Date Black Dial
2524,1071,Generic Motorcycle
2524,1071,Bedside Table African Cherry
2525,1027,Vibrant Pink Classic Sneakers
2526,1041,New DELL XPS 13 9300 Laptop
2527,1058,American Football
2527,1058,Dodge Hornet GT Plus
2528,1090,Mulberry
2528,1090,Beats Flex Wireless Earphones
2529,1061,Sleek Olive Green Hardshell Carry-On Luggage
2529,1061,Oppo A57
2529,1061,Elegant Golden-Base Stone Top Dining Table
2530,1025,Sleek Smartwatch with Vibrant Display
2531,1014,Eyeshadow Palette with Mirror
2531,1014,Powder Canister
2531,1014,Red Lipstick
2531,1014,Red Nail Polish
2531,1014,Sports Sneakers Off White Red
2532,1016,Powder Canister
2532,1016,Red Lipstick
2533,1063,Cricket Wicket
2533,1063,Vibrant Runners: Bold Orange & Blue Sneakers
2534,1078,iPhone 12 Silicone Case with MagSafe Plum
2534,1078,Sleek Smartwatch with Vibrant Display
2535,1003,Feather Shuttlecock
2535,1003,Red Lipstick
2536,1066,Generic Motorcycle
2536,1066,Cucumber
2537,1077,Sports Sneakers Off White & Red
2538,1045,Black Whisk
2538,1045,Pampi Shoes
2538,1045,Ice Cube Tray
2539,1017,Samsung Galaxy Tab S8 Plus Grey
2539,1017,Samsung Galaxy Tab White
2539,1017,Selfie Lamp with iPhone
2540,1031,Black Sun Glasses
2540,1031,Classic Sun Glasses
2540,1031,Party Glasses
2540,1031,Sunglasses
2541,1019,Spoon
2541,1019,Classic Blue Baseball Cap
2541,1019,Green Crystal Earring
2542,1074,Classic Red Jogger Sweatpants
2542,1074,Classic High-Waisted Athletic Shorts
2543,1098,Pampi Shoes
2543,1098,Oppo A57
2543,1098,Plant Pot
2544,1030,Black Women's Gown
2544,1030,Mug Tree Stand
2545,1021,Samsung Galaxy Tab White
2546,1089,Futuristic Silver and Gold High-Top Sneaker
2546,1089,Volleyball
2546,1089,Samsung Galaxy S7
2547,1056,Huawei Matebook X Pro
2547,1056,New DELL XPS 13 9300 Laptop
2547,1056,Apple MacBook Pro 14 Inch Space Grey
2547,1056,Asus Zenbook Pro Dual Screen Laptop
2548,1057,Fish Steak
2549,1009,Essence Mascara Lash Princess
2549,1009,Powder Canister
2549,1009,Red Lipstick
2549,1009,Red Nail Polish
2550,1085,Kawasaki Z800
2551,1043,Family Tree Photo Frame
2551,1043,House Showpiece Plant
2551,1043,Oppo K1
2552,1008,Apple
2553,1005,Classic Black T-Shirt
2553,1005,Red Tongs
2554,1077,Juice
2554,1077,Wooden Rolling Pin
2554,1077,Sleek Modern Leather Sofa
2555,1001,Sleek Olive Green Hardshell Carry-On Luggage
2555,1001,Modern Minimalist Workstation Setup
2555,1001,Basketball
2556,1093,MotoGP CI.H1
2556,1093,Sportbike Motorcycle
2556,1093,Kiwi
2557,1072,Vibrant Pink Classic Sneakers
2557,1072,Tennis Racket
2558,1037,Essence Mascara Lash Princess
2559,1044,Chic Transparent Fashion Handbag
2559,1044,Trendy Pink-Tinted Sunglasses
2559,1044,Sleek Futuristic Electric Bicycle
2560,1075,Tropical Earring
2560,1075,Green Oval Earring
2561,1029,Nike Air Jordan 1 Red And Black
2561,1029,Nike Baseball Cleats
2561,1029,Puma Future Rider Trainers
2561,1029,Sports Sneakers Off White Red
2562,1024,White Faux Leather Backpack
2563,1013,Family Tree Photo Frame
2563,1013,House Showpiece Plant
2563,1013,Plant Pot
2564,1019,Gucci Bloom Eau de
2564,1019,Calvin Klein CK One
2564,1019,Chanel Coco Noir Eau De
2565,1023,Blue Frock
2565,1023,Gray Dress
2565,1023,Short Frock
2565,1023,Tartan Dress
2566,1042,Elegant Solid Wood Dining Table
2566,1042,Knoll Saarinen Executive Conference Chair
2567,1095,Beats Flex Wireless Earphones
2568,1039,Durango SXT RWD
2568,1039,Pacifica Touring
2568,1039,Sports Sneakers Off White Red
2568,1039,300 Touring
2569,1068,Milk
2569,1068,Potatoes
2569,1068,Chic Summer Denim Espadrille Sandals
2570,1085,House Showpiece Plant
2571,1018,Tropical Earring
2571,1018,Citrus Squeezer Yellow
2572,1098,Basketball
2572,1098,Cooking Oil
2573,1068,Classic White Crew Neck T-Shirt
2574,1017,Watch Gold for Women
2574,1017,Women's Wrist Watch
2574,1017,Silver Pot With Glass Cap
2574,1017,IWC Ingenieur Automatic Steel
2574,1017,Rolex Datejust Women
2575,1065,Majestic Mountain Graphic T-Shirt
2575,1065,Apple MacBook Pro 14 Inch Space Grey
2576,1094,Stylish Red & Silver Over-Ear Headphones
2576,1094,Sleek White & Orange Wireless Gaming Controller
2576,1094,Sleek Smartwatch with Vibrant Display
2576,1094,300 Touring
2577,1036,Spice Rack
2578,1089,Vaseline Men Body and Face Lotion
2578,1089,iPhone 12 Silicone Case with MagSafe Plum
2578,1089,Marni Red & Black Suit
2579,1067,Fish Steak
2579,1067,Pacifica Touring
2580,1048,Prada Women Bag
2581,1048,Modern Elegance Teal Armchair
2581,1048,Annibale Colombo Bed
2581,1048,Bedside Table African Cherry
2582,1038,Futuristic Chic High-Heel Boots
2582,1038,Elegant Patent Leather Peep-Toe Pumps with Gold-Tone Heel
2582,1038,Elegant Purple Leather Loafers
2582,1038,Classic Blue Suede Casual Shoes
2582,1038,Kawasaki Z800
2583,1075,Tissue Paper Box
2583,1075,Kawasaki Z800
2583,1075,Ice Cube Tray
2584,1067,Sleek Modern Laptop with Ambient Lighting
2584,1067,Sleek Mirror Finish Phone Case
2584,1067,Sleek Smartwatch with Vibrant Display
2584,1067,title-2a140921-f960-4035-8f8f-e5e70787848d
2585,1067,Dior J'adore
2585,1067,Dolce Shine Eau de
2585,1067,Calvin Klein CK One
2585,1067,Chanel Coco Noir Eau De
2586,1038,Black Aluminium Cup
2586,1038,Short Frock
2587,1032,Golf Ball
2588,1031,Asus Zenbook Pro Dual Screen Laptop
2589,1022,Mulberry
2590,1035,Futuristic Chic High-Heel Boots
2590,1035,Elegant Patent Leather Peep-Toe Pumps with Gold-Tone Heel
2590,1035,Elegant Purple Leather Loafers
2590,1035,Chic Summer Denim Espadrille Sandals
2591,1052,Huawei Matebook X Pro
2591,1052,Apple MacBook Pro 14 Inch Space Grey
2591,1052,Asus Zenbook Pro Dual Screen Laptop
2592,1097,American Football
2593,1067,Huawei Matebook X Pro
2593,1067,iPhone 6
2594,1031,Sleek Modern Laptop for Professionals
2595,1004,Lunch Box
2596,1092,Tray
2596,1092,iPhone X
2597,1095,Women Handbag Black
2597,1095,Heshe Women's Leather Bag
2597,1095,Prada Women Bag
2598,1056,Watch Gold for Women
2598,1056,Cricket Ball
2599,1074,Family Tree Photo Frame
2599,1074,Plant Pot
2599,1074,Table Lamp
2600,1077,Blue Women's Handbag
2600,1077,White Faux Leather Backpack
2601,1060,Brown Leather Belt Watch
2601,1060,Longines Master Collection
2602,1080,Sleek Mirror Finish Phone Case
2603,1066,Honey Jar
2603,1066,Cucumber
2603,1066,Dog Food
2603,1066,Soft Drinks
2604,1026,Marni Red & Black Suit
2605,1082,title-2a140921-f960-4035-8f8f-e5e70787848d
2606,1064,Apple HomePod Mini Cosmic Grey
2606,1064,Red Onions
2606,1064,Soft Drinks
2607,1090,Black Women's Gown
2607,1090,Corset Leather With Skirt
2607,1090,Corset With Black Skirt
2607,1090,Marni Red & Black Suit
2607,1090,Sleek Smartwatch with Vibrant Display
2608,1029,Black Women's Gown
2608,1029,Corset Leather With Skirt
2609,1038,Generic Motorcycle
2609,1038,MotoGP CI.H1
2609,1038,Scooter Motorcycle
2609,1038,Sportbike Motorcycle
2610,1027,Gray Dress
2610,1027,Green Oval Earring
2611,1029,American Football
2611,1029,Rolex Datejust Women
2612,1016,Stylish Red & Silver Over-Ear Headphones
2612,1016,MotoGP CI.H1
2612,1016,Sportbike Motorcycle
2613,1095,Watch Gold for Women
2613,1095,IWC Ingenieur Automatic Steel
2613,1095,Rolex Datejust Women
2614,1036,Cricket Wicket
2614,1036,Corset Leather With Skirt
2614,1036,Sleek White & Orange Wireless Gaming Controller
2615,1039,Rolex Cellini Moonphase
2615,1039,Red Onions
2615,1039,Rolex Cellini Date Black Dial
2616,1042,Realme C35
2616,1042,Realme XT
2616,1042,Samsung Galaxy S10
2616,1042,Vivo S1
2617,1062,Mulberry
2617,1062,Cucumber
2617,1062,Beef Steak
2617,1062,Green Bell Pepper
2618,1086,Essence Mascara Lash Princess
2618,1086,Eyeshadow Palette with Mirror
2618,1086,Red Lipstick
2618,1086,Plant Pot
2619,1003,Watch Gold for Women
2620,1063,Corset Leather With Skirt
2620,1063,Marni Red & Black Suit
2621,1090,Samsung Galaxy S8
2621,1090,Sports Sneakers Off White Red
2622,1061,Elegant Golden-Base Stone Top Dining Table
2622,1061,Chanel Coco Noir Eau De
2622,1061,Lemon
2623,1032,Oppo A57
2623,1032,Sleek Futuristic Electric Bicycle
2624,1045,Chanel Coco Noir Eau De
2624,1045,iPad Mini 2021 Starlight
2625,1073,Milk
2625,1073,Metal Baseball Bat
2625,1073,Wooden Bathroom Sink With Mirror
2626,1004,Charger SXT RWD
2627,1005,Tennis Racket
2627,1005,Lunch Box
2627,1005,Pampi Shoes
2628,1056,Red Lipstick
2628,1056,Red Nail Polish
2628,1056,Tennis Ball
2629,1080,Durango SXT RWD
2629,1080,Cricket Bat
2630,1011,Tartan Dress
2631,1037,Potatoes
2631,1037,Ice Cube Tray
2632,1011,Sleek Modern Laptop with Ambient Lighting
2633,1042,Sleek Wireless Computer Mouse
2633,1042,Elegant Golden-Base Stone Top Dining Table
2634,1099,Spice Rack
2634,1099,Boxed Blender
2634,1099,Pan
2634,1099,Grater Black
2635,1062,Women's Wrist Watch
2635,1062,IWC Ingenieur Automatic Steel
2636,1095,Rolex Cellini Moonphase
2636,1095,Watch Gold for Women
2636,1095,Rolex Submariner Watch
2636,1095,Longines Master Collection
2636,1095,Rolex Cellini Date Black Dial
2637,1038,Tropical Earring
2637,1038,Sleek Wireless Headphone & Inked Earbud Set
2637,1038,Green Crystal Earring
2637,1038,Green Oval Earring
2638,1083,IWC Ingenieur Automatic Steel
2639,1030,Dodge Hornet GT Plus
2639,1030,300 Touring
2640,1035,Tissue Paper Box
2640,1035,Juice
2640,1035,Honey Jar
2640,1035,Cucumber
2641,1060,Nike Baseball Cleats
2641,1060,Powder Canister
2641,1060,Cricket Bat
2642,1059,Dior J'adore
2643,1032,Dolce Shine Eau de
2643,1032,Gucci Bloom Eau de
2643,1032,Calvin Klein CK One
2643,1032,Essence Mascara Lash Princess
2644,1091,Efficient 2-Slice Toaster
2645,1005,Golf Ball
2646,1071,Tropical Earring
2646,1071,Green Crystal Earring
2646,1071,Green Oval Earring
2647,1036,Realme C35
2647,1036,Classic Red Pullover Hoodie
2647,1036,Men Check Shirt
2648,1088,Classic Comfort Drawstring Joggers
2648,1088,Classic Heather Gray Hoodie
2649,1051,Calvin Klein CK One
2650,1056,White Faux Leather Backpack
2651,1068,Beef Steak
2651,1068,Honey Jar
2652,1093,Chic Transparent Fashion Handbag
2652,1093,Sleek Wireless Headphone & Inked Earbud Set
2652,1093,title-2a140921-f960-4035-8f8f-e5e70787848d
2652,1093,Efficient 2-Slice Toaster
2652,1093,Sleek Modern Laptop for Professionals
2653,1087,Classic Navy Blue Baseball Cap
2653,1087,Table Lamp
2653,1087,Baseball Ball
2654,1036,Tropical Earring
2655,1035,Samsung Galaxy S7
2656,1050,Microwave Oven
2657,1006,New DELL XPS 13 9300 Laptop
2657,1006,Sports Sneakers Off White Red
2657,1006,Black Sun Glasses
2658,1100,Classic White Tee - Timeless Style and Comfort
2658,1100,Juice
2659,1074,Majestic Mountain Graphic T-Shirt
2659,1074,Classic Blue Baseball Cap
2660,1007,Rainbow Glitter High Heels
2660,1007,Chic Summer Denim Espadrille Sandals
2661,1093,Lenovo Yoga 920
2662,1055,Chic Transparent Fashion Handbag
2662,1055,Sleek Wireless Headphone & Inked Earbud Set
2663,1049,Eggs
2664,1037,Black Women's Gown
2664,1037,Corset With Black Skirt
2665,1086,Realme XT
2665,1086,Samsung Galaxy S10
2666,1069,Futuristic Silver and Gold High-Top Sneaker
2666,1069,Elegant Patent Leather Peep-Toe Pumps with Gold-Tone Heel
2666,1069,Samsung Galaxy S10
2667,1054,Apple iPhone Charger
2667,1054,title-2a140921-f960-4035-8f8f-e5e70787848d
2668,1100,Brown Leather Belt Watch
2668,1100,Longines Master Collection
2668,1100,Rolex Cellini Date Black Dial
2669,1024,Vibrant Pink Classic Sneakers
2669,1024,Elegant Purple Leather Loafers
2669,1024,Vibrant Runners: Bold Orange & Blue Sneakers
2670,1014,Gigabyte Aorus Men Tshirt
2670,1014,Man Plaid Shirt
2670,1014,Man Short Sleeve Shirt
2670,1014,Men Check Shirt
2671,1045,Tartan Dress
2672,1053,Radiant Citrus Eau de Parfum
2672,1053,Chic Transparent Fashion Handbag
2672,1053,Elegant Glass Tumbler Set
2672,1053,Sunglasses
2673,1083,Dolce Shine Eau de
2673,1083,Soft Drinks
2674,1051,Rolex Submariner Watch
2675,1063,Sleek Modern Laptop with Ambient Lighting
2675,1063,Stylish Red & Silver Over-Ear Headphones
2675,1063,Sleek Mirror Finish Phone Case
2676,1014,Baseball Ball
2676,1014,IWC Ingenieur Automatic Steel
2677,1084,Red Nail Polish
2678,1094,Mulberry
2679,1055,Black & Brown Slipper
2679,1055,Pampi Shoes
2679,1055,Classic Olive Chino Shorts
2680,1030,Asus Zenbook Pro Dual Screen Laptop
2681,1082,Modern Elegance Teal Armchair
2681,1082,iPad Mini 2021 Starlight
2682,1004,Blue Frock
2682,1004,Man Short Sleeve Shirt
2683,1085,Essence Mascara Lash Princess
2683,1085,Golf Ball
2683,1085,Sleek All-Terrain Go-Kart
2684,1010,Nike Air Jordan 1 Red And Black
2684,1010,Nike Baseball Cleats
2684,1010,Sports Sneakers Off White & Red
2685,1090,Slotted Turner
2685,1090,Heshe Women's Leather Bag
2686,1048,Watch Gold for Women
2686,1048,Women's Wrist Watch
2686,1048,IWC Ingenieur Automatic Steel
2686,1048,Rolex Datejust Women
2687,1026,Vibrant Pink Classic Sneakers
2687,1026,Mulberry
2688,1050,Kitchen Sieve
2689,1015,Tropical Earring
2689,1015,Green Crystal Earring
2690,1073,Iron Golf
2691,1095,Rice
2692,1075,Huawei Matebook X Pro
2692,1075,Realme C35
2692,1075,Apple MacBook Pro 14 Inch Space Grey
2693,1019,Realme C35
2693,1019,iPhone 13 Pro
2694,1080,Basketball
2695,1027,Samsung Galaxy Tab S8 Plus Grey
2695,1027,Samsung Galaxy Tab White
2695,1027,iPad Mini 2021 Starlight
2696,1022,Realme C35
2696,1022,Tissue Paper Box
2696,1022,Football
2697,1093,Pacifica Touring
2697,1093,Man Plaid Shirt
2697,1093,IWC Ingenieur Automatic Steel
2698,1037,iPad Mini 2021 Starlight
2699,1007,Rolex Cellini Moonphase
2699,1007,Rolex Submariner Watch
2699,1007,Rainbow Glitter High Heels
2699,1007,Longines Master Collection
2700,1016,Classic Red Jogger Sweatpants
2700,1016,Citrus Squeezer Yellow
2701,1055,Modern Elegance Teal Armchair
2701,1055,Feather Shuttlecock
2701,1055,Chopping Board
2702,1025,Microwave Oven
2702,1025,House Showpiece Plant
2702,1025,Hand Blender
2703,1010,Sleek Smartwatch with Vibrant Display
2703,1010,Sleek Mirror Finish Phone Case
2703,1010,Sleek Wireless Headphone & Inked Earbud Set
2703,1010,Sleek Wireless Computer Mouse
2704,1045,Stylish Red & Silver Over-Ear Headphones
2704,1045,Sleek White & Orange Wireless Gaming Controller
2704,1045,Sleek Smartwatch with Vibrant Display
2705,1006,Strawberry
2706,1052,Eyeshadow Palette with Mirror
2706,1052,Powder Canister
2706,1052,Red Lipstick
2706,1052,Red Nail Polish
2707,1096,Dior J'adore
2707,1096,Dolce Shine Eau de
2707,1096,Vivo S1
2707,1096,Chanel Coco Noir Eau De
2708,1055,Nike Air Jordan 1 Red And Black
2708,1055,Puma Future Rider Trainers
2708,1055,Sports Sneakers Off White Red
2709,1095,Green Crystal Earring
2710,1008,Elegant Glass Tumbler Set
2710,1008,Sleek Futuristic Electric Bicycle
2711,1051,Black Aluminium Cup
2711,1051,Classic Red Pullover Hoodie
2712,1091,Lunch Box
2713,1063,Nike Air Jordan 1 Red And Black
2713,1063,Puma Future Rider Trainers
2713,1063,Sports Sneakers Off White & Red
2714,1006,Potatoes
2714,1006,Table Lamp
2715,1083,Classic Blue Suede Casual Shoes
2716,1047,Ice Cream
2716,1047,Apple MacBook Pro 14 Inch Space Grey
2716,1047,Tennis Ball
2717,1064,Realme C35
2717,1064,Realme X
2717,1064,Majestic Mountain Graphic T-Shirt
2717,1064,Samsung Galaxy S8
2717,1064,Samsung Galaxy S10
2718,1079,Stylish Red & Silver Over-Ear Headphones
2718,1079,Classic Black T-Shirt
2719,1082,Pampi Shoes
2720,1071,Blue Women's Handbag
2720,1071,Heshe Women's Leather Bag
2720,1071,Sleek Futuristic Electric Bicycle
2720,1071,White Faux Leather Backpack
2721,1091,Bamboo Spatula
2721,1091,Pan
2721,1091,Kitchen Sieve
2722,1062,Chanel Coco Noir Eau De
2723,1014,Black Women's Gown
2723,1014,Classic Black T-Shirt
2723,1014,Prada Women Bag
2724,1017,Juice
2724,1017,Yellow Peeler
2724,1017,Cricket Ball
2725,1029,Blue Frock
2725,1029,Grater Black
2725,1029,Lemon
2726,1070,Sleek All-Terrain Go-Kart
2727,1036,Apple
2727,1036,Black & Brown Slipper
2727,1036,Juice
2728,1096,Fine Mesh Strainer
2729,1029,Dress Pea
2729,1029,Rainbow Glitter High Heels
2730,1045,Dior J'adore
2730,1045,Sleek Wireless Computer Mouse
2731,1026,Apple iPhone Charger
2731,1026,iPhone 13 Pro
2731,1026,Golf Ball
2732,1051,Golden Shoes Woman
2732,1051,Sleek Modern Leather Sofa
2733,1009,Corset With Black Skirt
2733,1009,Ice Cream
2733,1009,Cricket Ball
2734,1042,Apple HomePod Mini Cosmic Grey
2735,1090,Green Crystal Earring
2736,1067,Realme C35
2736,1067,Samsung Galaxy S7
2736,1067,Classic Grey Hooded Sweatshirt
2737,1098,Prada Women Bag
2738,1091,Beats Flex Wireless Earphones
2738,1091,Monopod
2738,1091,Apple Airpower Wireless Charger
2738,1091,Selfie Stick Monopod
2739,1036,Stylish Red & Silver Over-Ear Headphones
2739,1036,Longines Master Collection
2740,1070,Black Whisk
2740,1070,Classic Black Baseball Cap
2741,1007,Trendy Pink-Tinted Sunglasses
2741,1007,Dog Food
2742,1078,Fish Steak
2742,1078,Fork
2742,1078,Short Frock
2743,1040,Classic White Tee - Timeless Style and Comfort
2743,1040,Dress Pea
2743,1040,Red Lipstick
2744,1009,Watch Gold for Women
2744,1009,Women's Wrist Watch
2744,1009,IWC Ingenieur Automatic Steel
2744,1009,Rolex Datejust Women
2745,1027,Vivo X21
2745,1027,Realme C35
2746,1063,Samsung Galaxy Tab White
2746,1063,Kitchen Sieve
2746,1063,iPad Mini 2021 Starlight
2747,1097,TV Studio Camera Pedestal
2747,1097,Huawei Matebook X Pro
2747,1097,Selfie Stick Monopod
2748,1091,Blue & Black Check Shirt
2748,1091,Men Check Shirt
2749,1050,Glass
2750,1020,Eyeshadow Palette with Mirror
2750,1020,Sleek All-Terrain Go-Kart
2750,1020,Radiant Citrus Eau de Parfum
2750,1020,Sleek Olive Green Hardshell Carry-On Luggage
2750,1020,Chic Transparent Fashion Handbag
2751,1020,Samsung Galaxy Tab White
2751,1020,iPad Mini 2021 Starlight
2752,1072,Charger SXT RWD
2752,1072,Elegant Patent Leather Peep-Toe Pumps with Gold-Tone Heel
2752,1072,Green Crystal Earring
2753,1005,Watch Gold for Women
2753,1005,Women's Wrist Watch
2753,1005,Futuristic Silver and Gold High-Top Sneaker
2753,1005,IWC Ingenieur Automatic Steel
2754,1088,Basketball
2754,1088,Cricket Bat
2754,1088,Golf Ball
2754,1088,Metal Baseball Bat
2754,1088,Glass
2755,1013,Black Women's Gown
2755,1013,Dress Pea
2755,1013,Marni Red & Black Suit
2756,1061,Generic Motorcycle
2756,1061,Kawasaki Z800
2756,1061,MotoGP CI.H1
2757,1100,Chopping Board
2757,1100,Girl Summer Dress
2757,1100,Gray Dress
2757,1100,Short Frock
2758,1042,Cricket Ball
2759,1046,Corset Leather With Skirt
2760,1027,MotoGP CI.H1
2760,1027,Scooter Motorcycle
2761,1086,Decoration Swing
2762,1030,Classic Black Baseball Cap
2762,1030,Man Short Sleeve Shirt
2763,1045,Blue & Black Check Shirt
2763,1045,Man Plaid Shirt
2763,1045,Men Check Shirt
2764,1073,Powder Canister
2764,1073,Red Lipstick
2764,1073,Red Nail Polish
2765,1064,TV Studio Camera Pedestal
2765,1064,iPhone 12 Silicone Case with MagSafe Plum
2765,1064,Apple AirPods Max Silver
2765,1064,Apple Airpower Wireless Charger
2766,1093,Modern Minimalist Workstation Setup
2766,1093,Bedside Table African Cherry
2767,1013,Black Sun Glasses
2767,1013,Classic Sun Glasses
2767,1013,Green and Black Glasses
2767,1013,Party Glasses
2768,1090,Huawei Matebook X Pro
2768,1090,Lenovo Yoga 920
2769,1087,Eyeshadow Palette with Mirror
2769,1087,Powder Canister
2769,1087,Red Lipstick
2769,1087,Microwave Oven
2770,1009,Rainbow Glitter High Heels
2770,1009,Elegant Purple Leather Loafers
2770,1009,Futuristic Holographic Soccer Cleats
2770,1009,Vibrant Runners: Bold Orange & Blue Sneakers
2771,1001,Oppo F19 Pro Plus
2772,1024,Elegant Purple Leather Loafers
2772,1024,Blue Women's Handbag
2772,1024,House Showpiece Plant
2773,1055,Dodge Hornet GT Plus
2773,1055,iPhone 6
2773,1055,Metal Baseball Bat
2774,1067,Spice Rack
2774,1067,Essence Mascara Lash Princess
2774,1067,Elegant Golden-Base Stone Top Dining Table
2775,1010,Fork
2775,1010,Iron Golf
2775,1010,Feather Shuttlecock
2776,1086,Vaseline Men Body and Face Lotion
2776,1086,Monopod
2777,1011,Samsung Galaxy Tab S8 Plus Grey
2777,1011,Samsung Galaxy Tab White
2777,1011,Apple Airpods
2777,1011,iPad Mini 2021 Starlight
2778,1016,Family Tree Photo Frame
2779,1048,Gray Dress
2780,1013,Generic Motorcycle
2780,1013,MotoGP CI.H1
2780,1013,Scooter Motorcycle
2781,1085,Soft Drinks
2782,1088,Women's Wrist Watch
2782,1088,Cat Food
2782,1088,Classic Red Baseball Cap
2783,1005,Basketball
2783,1005,Cricket Wicket
2783,1005,Feather Shuttlecock
2783,1005,title-2a140921-f960-4035-8f8f-e5e70787848d
2783,1005,Metal Baseball Bat
2784,1074,Rolex Datejust Women
2785,1057,Vaseline Men Body and Face Lotion
2785,1057,Attitude Super Leaves Hand Soap
2785,1057,Olay Ultra Moisture Shea Butter Body Wash
2786,1070,Huawei Matebook X Pro
2786,1070,Chanel Coco Noir Eau De
2787,1008,Corset Leather With Skirt
2787,1008,Man Short Sleeve Shirt
2788,1028,Charger SXT RWD
2788,1028,Dodge Hornet GT Plus
2788,1028,Durango SXT RWD
2788,1028,Pacifica Touring
2788,1028,Sleek White & Orange Wireless Gaming Controller
2789,1066,Sleek Modern Laptop with Ambient Lighting
2790,1092,Rolex Submariner Watch
2791,1056,Samsung Galaxy Tab S8 Plus Grey
2791,1056,Apple MagSafe Battery Pack
2792,1090,Charger SXT RWD
2792,1090,Dodge Hornet GT Plus
2792,1090,Durango SXT RWD
2792,1090,300 Touring
2793,1020,Blue & Black Check Shirt
2794,1100,Red Tongs
2794,1100,Plant Pot
2795,1063,Futuristic Holographic Soccer Cleats
2795,1063,Vivo S1
2796,1100,Yellow Peeler
2796,1100,Nike Air Jordan 1 Red And Black
2796,1100,Nike Baseball Cleats
2796,1100,Sports Sneakers Off White & Red
2796,1100,Sports Sneakers Off White Red
2797,1010,Women Handbag Black
2797,1010,Prada Women Bag
2797,1010,White Faux Leather Backpack
2798,1059,Sleek Wireless Headphone & Inked Earbud Set
2799,1038,Spice Rack
2799,1038,Calvin Klein CK One
2800,1089,Majestic Mountain Graphic T-Shirt
2800,1089,Cooking Oil
2801,1036,Women Handbag Black
2801,1036,Heshe Women's Leather Bag
2801,1036,Selfie Lamp with iPhone
2801,1036,White Faux Leather Backpack
2802,1068,Blue & Black Check Shirt
2803,1022,Red Lipstick
2803,1022,Red Nail Polish
2803,1022,Silver Pot With Glass Cap
2804,1007,MotoGP CI.H1
2805,1016,Nike Air Jordan 1 Red And Black
2805,1016,Volleyball
2805,1016,Sports Sneakers Off White & Red
2806,1086,Table Lamp
2807,1067,Apple iPhone Charger
2807,1067,iPhone 12 Silicone Case with MagSafe Plum
2807,1067,Selfie Stick Monopod
2808,1078,Classic White Crew Neck T-Shirt
2808,1078,Water
2808,1078,Scooter Motorcycle
2809,1095,Powder Canister
2809,1095,Tennis Ball
2810,1078,Vivo X21
2811,1037,Realme C35
2811,1037,iPhone 6
2811,1037,iPhone X
2812,1072,Amazon Echo Plus
2812,1072,Apple Airpods
2812,1072,Monopod
2812,1072,Apple Airpower Wireless Charger
2813,1029,Honey Jar
2813,1029,Rolex Cellini Date Black Dial
2814,1024,TV Studio Camera Pedestal
2814,1024,Generic Motorcycle
2814,1024,MotoGP CI.H1
2814,1024,Scooter Motorcycle
2814,1024,Sportbike Motorcycle
2815,1024,Samsung Galaxy Tab White
2815,1024,iPad Mini 2021 Starlight
2816,1062,Bamboo Spatula
2816,1062,Generic Motorcycle
2816,1062,Kawasaki Z800
2816,1062,Sportbike Motorcycle
2817,1080,Prada Women Bag
2818,1052,Slotted Turner
2819,1012,Baseball Ball
2819,1012,Basketball
2820,1027,Apple MacBook Pro 14 Inch Space Grey
2821,1020,TV Studio Camera Pedestal
2821,1020,Football
2821,1020,Sunglasses
2822,1041,Apple MacBook Pro 14 Inch Space Grey
2822,1041,Huawei Matebook X Pro
2822,1041,Lenovo Yoga 920
2822,1041,New DELL XPS 13 9300 Laptop
2822,1041,Trendy Pink-Tinted Sunglasses
2823,1033,Modern Elegance Teal Armchair
2823,1033,American Football
2824,1037,Women Handbag Black
2824,1037,Mug Tree Stand
2824,1037,Green Crystal Earring
2825,1098,Gray Dress
2826,1032,Dodge Hornet GT Plus
2827,1016,Huawei Matebook X Pro
2828,1007,Golden Shoes Woman
2829,1050,Sleek Modern Laptop with Ambient Lighting
2829,1050,Microwave Oven
2829,1050,Classic Olive Chino Shorts
2830,1100,TV Studio Camera Pedestal
2830,1100,Women's Wrist Watch
2830,1100,Volleyball
2831,1055,Corset Leather With Skirt
2831,1055,Dress Pea
2832,1061,Watch Gold for Women
2832,1061,Classic High-Waisted Athletic Shorts
2832,1061,IWC Ingenieur Automatic Steel
2832,1061,Rolex Datejust Women
2833,1008,Essence Mascara Lash Princess
2833,1008,Asus Zenbook Pro Dual Screen Laptop
2834,1066,Classic Red Jogger Sweatpants
2834,1066,Classic Olive Chino Shorts
2835,1064,Black Sun Glasses
2835,1064,Green and Black Glasses
2835,1064,Party Glasses
2835,1064,Sunglasses
2836,1028,Classic White Crew Neck T-Shirt
2836,1028,Classic Black T-Shirt
2836,1028,Sleek Wireless Headphone & Inked Earbud Set
2837,1084,Nike Baseball Cleats
2837,1084,Puma Future Rider Trainers
2837,1084,Realme X
2838,1063,Black & Brown Slipper
2838,1063,Calvin Klein Heel Shoes
2838,1063,Red Shoes
2839,1072,Elegant Patent Leather Peep-Toe Pumps with Gold-Tone Heel
2839,1072,Classic Sun Glasses
2840,1057,Sleek All-Terrain Go-Kart
2840,1057,Radiant Citrus Eau de Parfum
2840,1057,Sleek Olive Green Hardshell Carry-On Luggage
2840,1057,Chic Transparent Fashion Handbag
2840,1057,New DELL XPS 13 9300 Laptop
2841,1089,Amazon Echo Plus
2841,1089,Trendy Pink-Tinted Sunglasses
2842,1039,Spice Rack
2843,1073,Knife
2843,1073,Powder Canister
2843,1073,Red Onions
2844,1082,Generic Motorcycle
2844,1082,Scooter Motorcycle
2845,1010,Blue Frock
2846,1004,Feather Shuttlecock
2846,1004,Football
2846,1004,Basketball
2847,1064,Cooking Oil
2848,1079,Apple
2848,1079,Fish Steak
2848,1079,Honey Jar
2848,1079,Juice
2849,1025,Annibale Colombo Bed
2849,1025,Gucci Bloom Eau de
2849,1025,iPhone 13 Pro
2850,1044,Apple MacBook Pro 14 Inch Space Grey
2851,1025,New DELL XPS 13 9300 Laptop
2851,1025,Oppo A57
2851,1025,House Showpiece Plant
2852,1017,Eyeshadow Palette with Mirror
2852,1017,Black & Brown Slipper
2852,1017,Calvin Klein Heel Shoes
2852,1017,Golden Shoes Woman
2852,1017,Pampi Shoes
2853,1059,Sleek Mirror Finish Phone Case
2854,1038,Black & Brown Slipper
2854,1038,Rolex Cellini Date Black Dial
2855,1091,Apple AirPods Max Silver
2855,1091,Black & Brown Slipper
2855,1091,Calvin Klein Heel Shoes
2855,1091,Pampi Shoes
2855,1091,Red Shoes
2856,1038,Blue Frock
2856,1038,Girl Summer Dress
2856,1038,Gray Dress
2856,1038,Short Frock
2857,1002,Classic Blue Baseball Cap
2857,1002,Classic Black Baseball Cap
2857,1002,Classic Black Hooded Sweatshirt
2858,1012,Nike Air Jordan 1 Red And Black
2858,1012,Nike Baseball Cleats
2858,1012,Sports Sneakers Off White Red
2858,1012,Green and Black Glasses
2859,1019,Apple
2860,1042,Feather Shuttlecock
2860,1042,iPhone 12 Silicone Case with MagSafe Plum
2860,1042,Plant Pot
2861,1057,Chicken Meat
2862,1023,Monopod
2863,1077,Green and Black Glasses
2863,1077,Man Plaid Shirt
2864,1023,Scooter Motorcycle
2864,1023,Sportbike Motorcycle
2864,1023,Ice Cube Tray
2865,1026,Radiant Citrus Eau de Parfum
2865,1026,Sleek Olive Green Hardshell Carry-On Luggage
2865,1026,Selfie Lamp with iPhone
2865,1026,Sleek Futuristic Electric Bicycle
2866,1093,iPhone 12 Silicone Case with MagSafe Plum
2866,1093,Oppo A57
2867,1037,Green Crystal Earring
2868,1026,Slotted Turner
2868,1026,Annibale Colombo Bed
2869,1025,Classic Navy Blue Baseball Cap
2869,1025,Red Shoes
2869,1025,Elegant Golden-Base Stone Top Dining Table
2870,1075,Chicken Meat
2870,1075,Beef Steak
2870,1075,Tray
2871,1028,Strawberry
2871,1028,Elegant Patent Leather Peep-Toe Pumps with Gold-Tone Heel
2872,1052,Women's Wrist Watch
2872,1052,Basketball
2873,1065,Sleek Modern Laptop with Ambient Lighting
2873,1065,Sleek White & Orange Wireless Gaming Controller
2873,1065,Efficient 2-Slice Toaster
2874,1018,Fork
2875,1097,Puma Future Rider Trainers
2875,1097,Sports Sneakers Off White & Red
2876,1040,Generic Motorcycle
2876,1040,Kawasaki Z800
2876,1040,Sportbike Motorcycle
2877,1097,Vivo X21
2877,1097,Realme X
2877,1097,Vivo V9
2878,1012,iPhone X
2879,1080,Nike Baseball Cleats
2879,1080,Puma Future Rider Trainers
2879,1080,Sports Sneakers Off White & Red
2879,1080,Sports Sneakers Off White Red
2880,1046,Classic Red Baseball Cap
2880,1046,Citrus Squeezer Yellow
2881,1001,Vaseline Men Body and Face Lotion
2881,1001,Chanel Coco Noir Eau De
2881,1001,Attitude Super Leaves Hand Soap
2881,1001,Olay Ultra Moisture Shea Butter Body Wash
2882,1094,Puma Future Rider Trainers
2882,1094,Protein Powder
2883,1044,Classic Heather Gray Hoodie
2884,1023,Amazon Echo Plus
2885,1032,Tropical Earring
2885,1032,Green Oval Earring
2886,1045,Charger SXT RWD
2886,1045,Durango SXT RWD
2887,1062,Puma Future Rider Trainers
2888,1039,title-2a140921-f960-4035-8f8f-e5e70787848d
2889,1013,Corset Leather With Skirt
2889,1013,Corset With Black Skirt
2890,1042,Sleek Olive Green Hardshell Carry-On Luggage
2890,1042,Trendy Pink-Tinted Sunglasses
2890,1042,Sleek Futuristic Electric Bicycle
2890,1042,Sleek All-Terrain Go-Kart
2891,1051,Fish Steak
2891,1051,Water
2891,1051,Kiwi
2891,1051,Lemon
2892,1079,Calvin Klein Heel Shoes
2892,1079,Classic Blue Baseball Cap
2893,1093,Beef Steak
2893,1093,Puma Future Rider Trainers
2893,1093,Chicken Meat
2893,1093,Cucumber
2894,1020,iPhone X
2894,1020,Vivo V9
2895,1083,iPhone 13 Pro
2895,1083,Oppo K1
2895,1083,Oppo A57
2895,1083,Vivo V9
2896,1099,Classic White Tee - Timeless Style and Comfort
2896,1099,Classic Black Hooded Sweatshirt
2897,1041,Metal Baseball Bat
2897,1041,Iron Golf
2897,1041,Cricket Ball
2898,1028,Classic Blue Suede Casual Shoes
2899,1085,Rolex Cellini Moonphase
2899,1085,Rolex Datejust
2899,1085,Rolex Submariner Watch
2899,1085,Brown Leather Belt Watch
2900,1083,Chic Transparent Fashion Handbag
2900,1083,Chanel Coco Noir Eau De
2900,1083,Apple HomePod Mini Cosmic Grey
2901,1007,Blue Frock
2901,1007,MotoGP CI.H1
2901,1007,Short Frock
2901,1007,Tartan Dress
2902,1083,Generic Motorcycle
2902,1083,Efficient 2-Slice Toaster
2903,1057,White Faux Leather Backpack
2904,1014,Futuristic Silver and Gold High-Top Sneaker
2904,1014,Futuristic Chic High-Heel Boots
2904,1014,Futuristic Holographic Soccer Cleats
2904,1014,Vibrant Runners: Bold Orange & Blue Sneakers
2905,1087,Nike Baseball Cleats
2905,1087,Dress Pea
2906,1023,Tropical Earring
2906,1023,Efficient 2-Slice Toaster
2906,1023,Green Crystal Earring
2906,1023,Green Oval Earring
2907,1072,Samsung Galaxy Tab S8 Plus Grey
2907,1072,Samsung Galaxy Tab White
2907,1072,iPad Mini 2021 Starlight
2908,1033,Knoll Saarinen Executive Conference Chair
2909,1020,Powder Canister
2909,1020,Ice Cube Tray
2910,1034,Spice Rack
2910,1034,Rolex Datejust Women
2911,1078,Blue Frock
2911,1078,Family Tree Photo Frame
2911,1078,House Showpiece Plant
2911,1078,Plant Pot
2911,1078,Table Lamp
2912,1007,Pampi Shoes
2912,1007,Red Shoes
2913,1080,Girl Summer Dress
2914,1030,Chopping Board
2914,1030,Marni Red & Black Suit
2914,1030,iPad Mini 2021 Starlight
2915,1072,Samsung Galaxy S7
2915,1072,Brown Leather Belt Watch
2915,1072,Rainbow Glitter High Heels
2916,1044,Chicken Meat
2917,1033,title-2a140921-f960-4035-8f8f-e5e70787848d
2917,1033,Prada Women Bag
2918,1026,Generic Motorcycle
2918,1026,Scooter Motorcycle
2918,1026,Sportbike Motorcycle
2919,1096,title-2a140921-f960-4035-8f8f-e5e70787848d
2920,1073,Corset With Black Skirt
2920,1073,Dress Pea
2921,1093,Classic Sun Glasses
2922,1082,iPhone 6
2923,1038,Nike Baseball Cleats
2923,1038,Sports Sneakers Off White Red
2924,1070,300 Touring
2925,1044,Charger SXT RWD
2925,1044,Durango SXT RWD
2925,1044,Pacifica Touring
2926,1048,Corset With Black Skirt
2926,1048,Dress Pea
2926,1048,Marni Red & Black Suit
2927,1018,Classic White Tee - Timeless Style and Comfort
2927,1018,Samsung Galaxy S10
2928,1070,iPhone 6
2928,1070,Sleek Smartwatch with Vibrant Display
2928,1070,Sleek Wireless Computer Mouse
2929,1057,Tropical Earring
2930,1058,Grater Black
2930,1058,Asus Zenbook Pro Dual Screen Laptop
2930,1058,300 Touring
2931,1054,Dior J'adore
2931,1054,Dolce Shine Eau de
2931,1054,Chanel Coco Noir Eau De
2932,1014,Rolex Datejust
2933,1029,Selfie Stick Monopod
2934,1039,Tropical Earring
2934,1039,Green Crystal Earring
2935,1008,Cat Food
2936,1030,Vaseline Men Body and Face Lotion
2936,1030,New DELL XPS 13 9300 Laptop
2937,1070,Eyeshadow Palette with Mirror
2938,1007,Citrus Squeezer Yellow
2939,1025,Volleyball
2939,1025,Prada Women Bag
2940,1031,Sleek Futuristic Electric Bicycle
2940,1031,Sleek All-Terrain Go-Kart
2941,1091,Dolce Shine Eau de
2941,1091,Amazon Echo Plus
2941,1091,Elegant Golden-Base Stone Top Dining Table
2942,1042,Blue Women's Handbag
2942,1042,Prada Women Bag
2943,1085,Classic Sun Glasses
2943,1085,Party Glasses
2943,1085,Sunglasses
2944,1020,Dolce Shine Eau de
2944,1020,Chanel Coco Noir Eau De
2945,1069,Apple Airpods
2946,1085,Classic Black T-Shirt
2947,1097,Heshe Women's Leather Bag
2948,1027,Slotted Turner
2948,1027,Lunch Box
2948,1027,Microwave Oven
2948,1027,Red Tongs
2949,1011,Essence Mascara Lash Princess
2949,1011,Puma Future Rider Trainers
2950,1043,Elegant Patent Leather Peep-Toe Pumps with Gold-Tone Heel
2951,1068,Rolex Cellini Moonphase
2951,1068,Brown Leather Belt Watch
2951,1068,Green Crystal Earring
2951,1068,Rolex Cellini Date Black Dial
2952,1008,Eyeshadow Palette with Mirror
2952,1008,Red Nail Polish
2953,1092,Amazon Echo Plus
2953,1092,Apple HomePod Mini Cosmic Grey
2953,1092,Apple iPhone Charger
2953,1092,Apple Watch Series 4 Gold
2953,1092,Sleek Wireless Headphone & Inked Earbud Set
2954,1017,Fish Steak
2954,1017,Chicken Meat
2954,1017,Juice
2955,1067,Slotted Turner
2955,1067,Corset Leather With Skirt
2955,1067,Cricket Bat
2956,1086,Apple iPhone Charger
2956,1086,Classic Sun Glasses
2956,1086,Selfie Lamp with iPhone
2956,1086,Selfie Stick Monopod
2957,1055,Apple HomePod Mini Cosmic Grey
2958,1042,Apple
2959,1023,Chic Transparent Fashion Handbag
2960,1098,Nike Baseball Cleats
2960,1098,Sports Sneakers Off White & Red
2960,1098,Sports Sneakers Off White Red
2961,1009,Samsung Galaxy Tab S8 Plus Grey
2962,1004,Futuristic Silver and Gold High-Top Sneaker
2962,1004,Elegant Purple Leather Loafers
2962,1004,Futuristic Holographic Soccer Cleats
2962,1004,Classic Blue Suede Casual Shoes
2963,1087,Lenovo Yoga 920
2963,1087,New DELL XPS 13 9300 Laptop
2964,1086,Classic Red Pullover Hoodie
2964,1086,Generic Motorcycle
2964,1086,Kawasaki Z800
2964,1086,MotoGP CI.H1
2964,1086,Sportbike Motorcycle
2965,1066,Generic Motorcycle
2965,1066,Tissue Paper Box
2966,1042,Vaseline Men Body and Face Lotion
2966,1042,Cricket Ball
2967,1071,Black Sun Glasses
2968,1016,Black & Brown Slipper
2968,1016,Golden Shoes Woman
2968,1016,Pampi Shoes
2969,1032,Huawei Matebook X Pro
2970,1070,Electric Stove
2971,1022,Futuristic Holographic Soccer Cleats
2971,1022,Rainbow Glitter High Heels
2971,1022,Vibrant Runners: Bold Orange & Blue Sneakers
2971,1022,Elegant Patent Leather Peep-Toe Pumps with Gold-Tone Heel
2971,1022,Sportbike Motorcycle
2972,1080,Futuristic Chic High-Heel Boots
2972,1080,Ice Cube Tray
2973,1083,Glass
2973,1083,Rolex Cellini Date Black Dial
2973,1083,Egg Slicer
2974,1088,Kawasaki Z800
2974,1088,MotoGP CI.H1
2974,1088,Scooter Motorcycle
2975,1041,Green Oval Earring
2976,1055,Huawei Matebook X Pro
2976,1055,Lenovo Yoga 920
2976,1055,New DELL XPS 13 9300 Laptop
2976,1055,Asus Zenbook Pro Dual Screen Laptop
2977,1050,Mulberry
2977,1050,Classic Heather Gray Hoodie
2978,1004,Cucumber
2978,1004,Selfie Lamp with iPhone
2979,1002,Vaseline Men Body and Face Lotion
2979,1002,Asus Zenbook Pro Dual Screen Laptop
2979,1002,Attitude Super Leaves Hand Soap
2979,1002,Olay Ultra Moisture Shea Butter Body Wash
2980,1064,Plate
2981,1022,Huawei Matebook X Pro
2981,1022,Lenovo Yoga 920
2981,1022,Apple MacBook Pro 14 Inch Space Grey
2981,1022,Asus Zenbook Pro Dual Screen Laptop
2982,1100,title-2a140921-f960-4035-8f8f-e5e70787848d
2983,1095,Classic Black T-Shirt
2983,1095,Classic Red Pullover Hoodie
2984,1008,Sleek White & Orange Wireless Gaming Controller
2984,1008,Knoll Saarinen Executive Conference Chair
2985,1044,Party Glasses
2985,1044,Sunglasses
2986,1071,Golden Shoes Woman
2986,1071,Red Shoes
2987,1064,Essence Mascara Lash Princess
2987,1064,Eyeshadow Palette with Mirror
2988,1045,Decoration Swing
2988,1045,House Showpiece Plant
2989,1020,New DELL XPS 13 9300 Laptop
2990,1069,Dog Food
2990,1069,Sleek Futuristic Electric Bicycle
2990,1069,Sleek All-Terrain Go-Kart
2991,1042,Classic Blue Suede Casual Shoes
2991,1042,Sleek All-Terrain Go-Kart
2992,1084,Cricket Wicket
2992,1084,Baseball Ball
2993,1049,Baseball Glove
2993,1049,Olay Ultra Moisture Shea Butter Body Wash
2994,1033,Bamboo Spatula
2994,1033,Rainbow Glitter High Heels
2995,1024,Lunch Box
2995,1024,Sports Sneakers Off White Red
2996,1093,Puma Future Rider Trainers
2996,1093,Sports Sneakers Off White & Red
2997,1029,Realme X
2997,1029,iPhone 5s
2997,1029,Vivo V9
2998,1100,Rolex Cellini Moonphase
2999,1069,Lunch Box
2999,1069,Wooden Rolling Pin
2999,1069,Hand Blender
3000,1083,Sleek Modern Leather Sofa
